prefecture,city,yomigana,population,search_volume
北海道,札幌市,,1973395,0
北海道,札幌市中央区,さっぽろしちゅうおうく,248680,0
北海道,札幌市北区,さっぽろしきたく,289323,0
北海道,札幌市東区,さっぽろしひがしく,265379,0
北海道,札幌市白石区,さっぽろししろいしく,211835,0
北海道,札幌市豊平区,さっぽろしとよひらく,225298,0
北海道,札幌市南区,さっぽろしみなみく,135777,0
北海道,札幌市西区,さっぽろしにしく,217040,0
北海道,札幌市厚別区,さっぽろしあつべつく,125083,0
北海道,札幌市手稲区,さっぽろしていねく,142625,0
北海道,札幌市清田区,さっぽろしきよたく,112355,0
北海道,函館市,はこだてし,251084,0
北海道,（旧：函館市）,,241024,0
北海道,（旧：戸井町）,,2291,0
北海道,（旧：恵山町）,,2486,0
北海道,（旧：椴法華村）,,745,0
北海道,（旧：南茅部町）,,4538,0
北海道,小樽市,おたるし,111299,0
北海道,旭川市,あさひかわし,329306,0
北海道,室蘭市,むろらんし,82383,0
北海道,釧路市,くしろし,165077,0
北海道,（旧：釧路市）,,159011,0
北海道,（旧：阿寒町）,,4390,0
北海道,（旧：音別町）,,1676,0
北海道,帯広市,おびひろし,166536,0
北海道,北見市,きたみし,115480,0
北海道,（旧：北見市）,,102000,0
北海道,（旧：端野町）,,4384,0
北海道,（旧：留辺蘂町）,,5570,0
北海道,（旧：常呂町）,,3526,0
北海道,夕張市,ゆうばりし,7334,0
北海道,岩見沢市,いわみざわし,79306,0
北海道,（旧：岩見沢市）,,72184,0
北海道,（旧：北村）,,2320,0
北海道,（旧：栗沢町）,,4802,0
北海道,網走市,あばしりし,35759,0
北海道,留萌市,るもいし,20114,0
北海道,苫小牧市,とまこまいし,170113,0
北海道,稚内市,わっかないし,33563,0
北海道,美唄市,びばいし,20413,0
北海道,芦別市,あしべつし,12555,0
北海道,江別市,えべつし,121056,0
北海道,赤平市,あかびらし,9698,0
北海道,紋別市,もんべつし,21215,0
北海道,士別市,しべつし,17858,0
北海道,（旧：士別市）,,16734,0
北海道,（旧：朝日町）,,1124,0
北海道,名寄市,なよろし,27282,0
北海道,（旧：名寄市）,,23788,0
北海道,（旧：風連町）,,3494,0
北海道,三笠市,みかさし,8040,0
北海道,根室市,ねむろし,24636,0
北海道,千歳市,ちとせし,97950,0
北海道,滝川市,たきかわし,39490,0
北海道,砂川市,すながわし,16486,0
北海道,歌志内市,うたしないし,2989,0
北海道,深川市,ふかがわし,20039,0
北海道,富良野市,ふらのし,21131,0
北海道,登別市,のぼりべつし,46391,0
北海道,恵庭市,えにわし,70331,0
北海道,伊達市,だてし,32826,0
北海道,（旧：伊達市）,,31748,0
北海道,（旧：大滝村）,,1078,0
北海道,北広島市,きたひろしまし,58171,0
北海道,石狩市,いしかりし,56869,0
北海道,（旧：石狩市）,,54147,0
北海道,（旧：厚田村）,,1638,0
北海道,（旧：浜益村）,,1084,0
北海道,北斗市,ほくとし,44302,0
北海道,（旧：上磯町）,,34276,0
北海道,（旧：大野町）,,10026,0
北海道,当別町,,15916,0
北海道,新篠津村,,3044,0
北海道,松前町,,6260,0
北海道,福島町,,3794,0
北海道,知内町,,4167,0
北海道,木古内町,,3832,0
北海道,七飯町,,27686,0
北海道,鹿部町,,3760,0
北海道,森町,,14338,0
北海道,（旧：砂原町）,,3404,0
北海道,（旧：森町）,,10934,0
北海道,八雲町,,15826,0
北海道,（旧：八雲町）,,13833,0
北海道,（旧：熊石町）,,1993,0
北海道,長万部町,,5109,0
北海道,江差町,,7428,0
北海道,上ノ国町,,4306,0
北海道,厚沢部町,,3592,0
北海道,乙部町,,3403,0
北海道,奥尻町,,2410,0
北海道,今金町,,5072,0
北海道,せたな町,,7398,0
北海道,（旧：大成町）,,1280,0
北海道,（旧：瀬棚町）,,1615,0
北海道,（旧：北檜山町）,,4503,0
北海道,島牧村,,1356,0
北海道,寿都町,,2838,0
北海道,黒松内町,,2791,0
北海道,蘭越町,,4568,0
北海道,ニセコ町,,5074,0
北海道,真狩村,,2045,0
北海道,留寿都村,,1911,0
北海道,喜茂別町,,2156,0
北海道,京極町,,2941,0
北海道,倶知安町,,15129,0
北海道,共和町,,5772,0
北海道,岩内町,,11648,0
北海道,泊村,,1569,0
北海道,神恵内村,,870,0
北海道,積丹町,,1831,0
北海道,古平町,,2745,0
北海道,仁木町,,3180,0
北海道,余市町,,18000,0
北海道,赤井川村,,1165,0
北海道,南幌町,,7319,0
北海道,奈井江町,,5120,0
北海道,上砂川町,,2841,0
北海道,由仁町,,4822,0
北海道,長沼町,,10289,0
北海道,栗山町,,11272,0
北海道,月形町,,3691,0
北海道,浦臼町,,1732,0
北海道,新十津川町,,6484,0
北海道,妹背牛町,,2693,0
北海道,秩父別町,,2329,0
北海道,雨竜町,,2389,0
北海道,北竜町,,1724,0
北海道,沼田町,,2909,0
北海道,鷹栖町,,6567,0
北海道,東神楽町,,10127,0
北海道,当麻町,,6319,0
北海道,比布町,,3520,0
北海道,愛別町,,2605,0
北海道,上川町,,3500,0
北海道,東川町,,8314,0
北海道,美瑛町,,9668,0
北海道,上富良野町,,10348,0
北海道,中富良野町,,4733,0
北海道,南富良野町,,2376,0
北海道,占冠村,,1306,0
北海道,和寒町,,3192,0
北海道,剣淵町,,2926,0
北海道,下川町,,3126,0
北海道,美深町,,4145,0
北海道,音威子府村,,706,0
北海道,中川町,,1528,0
北海道,幌加内町,,1370,0
北海道,（旧：幌加内町）,,1370,0
北海道,増毛町,,3908,0
北海道,小平町,,2994,0
北海道,苫前町,,2936,0
北海道,羽幌町,,6548,0
北海道,初山別村,,1080,0
北海道,遠別町,,2520,0
北海道,天塩町,,2950,0
北海道,猿払村,,2611,0
北海道,浜頓別町,,3448,0
北海道,中頓別町,,1637,0
北海道,枝幸町,,7565,0
北海道,（旧：枝幸町）,,6067,0
北海道,（旧：歌登町）,,1498,0
北海道,豊富町,,3974,0
北海道,礼文町,,2509,0
北海道,利尻町,,2004,0
北海道,利尻富士町,,2458,0
北海道,幌延町,,2371,0
北海道,（旧：幌延町）,,2371,0
北海道,美幌町,,18697,0
北海道,津別町,,4373,0
北海道,斜里町,,11418,0
北海道,清里町,,3883,0
北海道,小清水町,,4623,0
北海道,訓子府町,,4677,0
北海道,置戸町,,2775,0
北海道,佐呂間町,,4875,0
北海道,遠軽町,,19241,0
北海道,（旧：生田原町）,,1582,0
北海道,（旧：遠軽町）,,15859,0
北海道,（旧：丸瀬布町）,,1214,0
北海道,（旧：白滝村）,,586,0
北海道,湧別町,,8270,0
北海道,（旧：上湧別町）,,4467,0
北海道,（旧：湧別町）,,3803,0
北海道,滝上町,,2421,0
北海道,興部町,,3628,0
北海道,西興部村,,1053,0
北海道,雄武町,,4199,0
北海道,大空町,,6775,0
北海道,（旧：東藻琴村）,,2124,0
北海道,（旧：女満別町）,,4651,0
北海道,豊浦町,,3821,0
北海道,壮瞥町,,2743,0
北海道,白老町,,16212,0
北海道,厚真町,,4432,0
北海道,洞爺湖町,,8442,0
北海道,（旧：虻田町）,,6874,0
北海道,（旧：洞爺村）,,1568,0
北海道,安平町,,7340,0
北海道,（旧：早来町）,,4358,0
北海道,（旧：追分町）,,2982,0
北海道,むかわ町,,7651,0
北海道,（旧：鵡川町）,,5253,0
北海道,（旧：穂別町）,,2398,0
北海道,日高町,,11279,0
北海道,（旧：日高町）,,1347,0
北海道,（旧：門別町）,,9932,0
北海道,平取町,,4776,0
北海道,新冠町,,5309,0
北海道,浦河町,,12074,0
北海道,様似町,,4043,0
北海道,えりも町,,4374,0
北海道,新ひだか町,,21517,0
北海道,（旧：静内町）,,18041,0
北海道,（旧：三石町）,,3476,0
北海道,音更町,,43576,0
北海道,士幌町,,5848,0
北海道,上士幌町,,4778,0
北海道,鹿追町,,5266,0
北海道,新得町,,5817,0
北海道,清水町,,9094,0
北海道,芽室町,,18048,0
北海道,中札内村,,3884,0
北海道,更別村,,3080,0
北海道,大樹町,,5420,0
北海道,広尾町,,6387,0
北海道,幕別町,,25766,0
北海道,（旧：忠類村）,,1427,0
北海道,（旧：幕別町）,,24339,0
北海道,池田町,,6294,0
北海道,豊頃町,,3022,0
北海道,本別町,,6618,0
北海道,足寄町,,6563,0
北海道,陸別町,,2264,0
北海道,浦幌町,,4387,0
北海道,釧路町,,19105,0
北海道,厚岸町,,8892,0
北海道,浜中町,,5507,0
北海道,標茶町,,7230,0
北海道,弟子屈町,,6955,0
北海道,鶴居村,,2558,0
北海道,白糠町,,7289,0
北海道,別海町,,14380,0
北海道,中標津町,,23010,0
北海道,標津町,,5023,0
北海道,羅臼町,,4722,0
青森県,青森市,あおもりし,275192,0
青森県,（旧：青森市）,,258064,0
青森県,（旧：浪岡町）,,17128,0
青森県,弘前市,ひろさきし,168466,0
青森県,（旧：弘前市）,,155163,0
青森県,（旧：岩木町）,,10187,0
青森県,（旧：相馬村）,,3116,0
青森県,八戸市,はちのへし,223415,0
青森県,（旧：八戸市）,,218718,0
青森県,（旧：南郷村）,,4697,0
青森県,黒石市,くろいしし,31946,0
青森県,五所川原市,ごしょがわらし,51415,0
青森県,（旧：五所川原市）,,41926,0
青森県,（旧：金木町）,,7699,0
青森県,（旧：市浦村）,,1790,0
青森県,十和田市,とわだし,60378,0
青森県,（旧：十和田市）,,56695,0
青森県,（旧：十和田湖町）,,3683,0
青森県,三沢市,みさわし,39152,0
青森県,むつ市,むつし,54103,0
青森県,（旧：むつ市）,,43574,0
青森県,（旧：川内町）,,3332,0
青森県,（旧：大畑町）,,5976,0
青森県,（旧：脇野沢村）,,1221,0
青森県,つがる市,つがるし,30934,0
青森県,（旧：木造町）,,14270,0
青森県,（旧：森田村）,,3918,0
青森県,（旧：柏村）,,5122,0
青森県,（旧：稲垣村）,,3493,0
青森県,（旧：車力村）,,4131,0
青森県,平川市,ひらかわし,30567,0
青森県,（旧：尾上町）,,9063,0
青森県,（旧：平賀町）,,19320,0
青森県,（旧：碇ケ関村）,,2184,0
青森県,平内町,,10126,0
青森県,今別町,,2334,0
青森県,蓬田村,,2540,0
青森県,外ヶ浜町,,5401,0
青森県,（旧：蟹田町）,,2610,0
青森県,（旧：平舘村）,,1347,0
青森県,（旧：三厩村）,,1444,0
青森県,鰺ヶ沢町,,9044,0
青森県,深浦町,,7346,0
青森県,（旧：深浦町）,,5660,0
青森県,（旧：岩崎村）,,1686,0
青森県,西目屋村,,1265,0
青森県,藤崎町,,14573,0
青森県,（旧：藤崎町）,,8655,0
青森県,（旧：常盤村）,,5918,0
青森県,大鰐町,,8665,0
青森県,田舎館村,,7326,0
青森県,板柳町,,12700,0
青森県,鶴田町,,12074,0
青森県,中泊町,,9657,0
青森県,（旧：中里町）,,7250,0
青森県,（旧：小泊村）,,2407,0
青森県,野辺地町,,12374,0
青森県,七戸町,,14556,0
青森県,（旧：七戸町）,,8166,0
青森県,（旧：天間林村）,,6390,0
青森県,六戸町,,10447,0
青森県,横浜町,,4229,0
青森県,東北町,,16428,0
青森県,（旧：上北町）,,8368,0
青森県,（旧：東北町）,,8060,0
青森県,六ヶ所村,,10367,0
青森県,おいらせ町,,24273,0
青森県,（旧：百石町）,,8548,0
青森県,（旧：下田町）,,15725,0
青森県,大間町,,4718,0
青森県,東通村,,5955,0
青森県,風間浦村,,1636,0
青森県,佐井村,,1788,0
青森県,三戸町,,9082,0
青森県,五戸町,,16042,0
青森県,（旧：五戸町）,,13459,0
青森県,（旧：倉石村）,,2583,0
青森県,田子町,,4968,0
青森県,南部町,,16809,0
青森県,（旧：名川町）,,6761,0
青森県,（旧：南部町）,,4325,0
青森県,（旧：福地村）,,5723,0
青森県,階上町,,13496,0
青森県,新郷村,,2197,0
岩手県,盛岡市,もりおかし,289731,0
岩手県,（旧：盛岡市）,,278398,0
岩手県,（旧：玉山村）,,11333,0
岩手県,宮古市,みやこし,50369,0
岩手県,（旧：宮古市）,,43162,0
岩手県,（旧：田老町）,,2729,0
岩手県,（旧：新里村）,,2419,0
岩手県,（旧：川井村）,,2059,0
岩手県,大船渡市,おおふなとし,34728,0
岩手県,（旧：大船渡市）,,29171,0
岩手県,（旧：三陸町）,,5557,0
岩手県,花巻市,はなまきし,93193,0
岩手県,（旧：花巻市）,,67147,0
岩手県,（旧：大迫町）,,4686,0
岩手県,（旧：石鳥谷町）,,13484,0
岩手県,（旧：東和町）,,7876,0
岩手県,北上市,きたかみし,93045,0
岩手県,久慈市,くじし,33043,0
岩手県,（旧：久慈市）,,30830,0
岩手県,（旧：山形村）,,2213,0
岩手県,遠野市,とおのし,25366,0
岩手県,（旧：遠野市）,,21452,0
岩手県,（旧：宮守村）,,3914,0
岩手県,一関市,いちのせきし,111932,0
岩手県,（旧：一関市）,,55942,0
岩手県,（旧：花泉町）,,12167,0
岩手県,（旧：大東町）,,12318,0
岩手県,（旧：藤沢町）,,7331,0
岩手県,（旧：千厩町）,,10139,0
岩手県,（旧：東山町）,,6161,0
岩手県,（旧：室根村）,,4550,0
岩手県,（旧：川崎村）,,3324,0
岩手県,陸前高田市,りくぜんたかたし,18262,0
岩手県,釜石市,かまいしし,32078,0
岩手県,二戸市,にのへし,25513,0
岩手県,（旧：二戸市）,,21920,0
岩手県,（旧：浄法寺町）,,3593,0
岩手県,八幡平市,はちまんたいし,24023,0
岩手県,（旧：西根町）,,14629,0
岩手県,（旧：松尾村）,,5342,0
岩手県,（旧：安代町）,,4052,0
岩手県,奥州市,おうしゅうし,112937,0
岩手県,（旧：水沢市）,,54787,0
岩手県,（旧：江刺市）,,26945,0
岩手県,（旧：前沢町）,,12933,0
岩手県,（旧：胆沢町）,,14536,0
岩手県,（旧：衣川村）,,3736,0
岩手県,滝沢市,たきざわし,55579,0
岩手県,（旧：滝沢村）,,55579,0
岩手県,雫石町,,15731,0
岩手県,葛巻町,,5634,0
岩手県,岩手町,,12285,0
岩手県,紫波町,,32147,0
岩手県,矢巾町,,28056,0
岩手県,西和賀町,,5134,0
岩手県,（旧：湯田町）,,2572,0
岩手県,（旧：沢内村）,,2562,0
岩手県,金ケ崎町,,15535,0
岩手県,平泉町,,7252,0
岩手県,住田町,,5045,0
岩手県,大槌町,,11004,0
岩手県,山田町,,14320,0
岩手県,岩泉町,,8726,0
岩手県,田野畑村,,3059,0
岩手県,普代村,,2487,0
岩手県,軽米町,,8421,0
岩手県,野田村,,3936,0
岩手県,九戸村,,5378,0
岩手県,洋野町,,15091,0
岩手県,（旧：種市町）,,10431,0
岩手県,（旧：大野村）,,4660,0
岩手県,一戸町,,11494,0
宮城県,仙台市,,1096704,0
宮城県,仙台市青葉区,せんだいしあおばく,311590,0
宮城県,仙台市宮城野区,せんだいしみやぎのく,196732,0
宮城県,仙台市若林区,せんだいしわかばやしく,141475,0
宮城県,仙台市太白区,せんだいしたいはくく,234758,0
宮城県,仙台市泉区,せんだいしいずみく,212149,0
宮城県,石巻市,いしのまきし,140151,0
宮城県,（旧：石巻市）,,99904,0
宮城県,（旧：河北町）,,9878,0
宮城県,（旧：雄勝町）,,1031,0
宮城県,（旧：河南町）,,18481,0
宮城県,（旧：桃生町）,,6629,0
宮城県,（旧：北上町）,,2135,0
宮城県,（旧：牡鹿町）,,2093,0
宮城県,塩竈市,しおがまし,52203,0
宮城県,気仙沼市,けせんぬまし,61147,0
宮城県,（旧：気仙沼市）,,46207,0
宮城県,（旧：本吉町）,,9294,0
宮城県,（旧：唐桑町）,,5646,0
宮城県,白石市,しろいしし,32758,0
宮城県,名取市,なとりし,78718,0
宮城県,角田市,かくだし,27976,0
宮城県,多賀城市,たがじょうし,62827,0
宮城県,岩沼市,いわぬまし,44068,0
宮城県,登米市,とめし,76037,0
宮城県,（旧：迫町）,,19741,0
宮城県,（旧：登米町）,,4532,0
宮城県,（旧：東和町）,,5760,0
宮城県,（旧：中田町）,,15243,0
宮城県,（旧：豊里町）,,6332,0
宮城県,（旧：米山町）,,8528,0
宮城県,（旧：石越町）,,4588,0
宮城県,（旧：南方町）,,8288,0
宮城県,（旧：津山町）,,3025,0
宮城県,栗原市,くりはらし,64637,0
宮城県,（旧：築館町）,,13180,0
宮城県,（旧：若柳町）,,11434,0
宮城県,（旧：栗駒町）,,9859,0
宮城県,（旧：高清水町）,,3484,0
宮城県,（旧：一迫町）,,6736,0
宮城県,（旧：瀬峰町）,,4145,0
宮城県,（旧：鶯沢町）,,2079,0
宮城県,（旧：金成町）,,6284,0
宮城県,（旧：志波姫町）,,6536,0
宮城県,（旧：花山村）,,900,0
宮城県,東松島市,ひがしまつしまし,39098,0
宮城県,（旧：矢本町）,,31035,0
宮城県,（旧：鳴瀬町）,,8063,0
宮城県,大崎市,おおさきし,127330,0
宮城県,（旧：古川市）,,77694,0
宮城県,（旧：松山町）,,5663,0
宮城県,（旧：三本木町）,,7468,0
宮城県,（旧：鹿島台町）,,11241,0
宮城県,（旧：岩出山町）,,9852,0
宮城県,（旧：鳴子町）,,5368,0
宮城県,（旧：田尻町）,,10044,0
宮城県,富谷市,とみやし,51651,0
宮城県,（旧：富谷町）,,51651,0
宮城県,蔵王町,,11418,0
宮城県,七ヶ宿町,,1262,0
宮城県,大河原町,,23571,0
宮城県,村田町,,10666,0
宮城県,柴田町,,38271,0
宮城県,川崎町,,8345,0
宮城県,丸森町,,12262,0
宮城県,亘理町,,33087,0
宮城県,山元町,,12046,0
宮城県,松島町,,13323,0
宮城県,七ヶ浜町,,18132,0
宮城県,利府町,,35182,0
宮城県,大和町,,28786,0
宮城県,大郷町,,7813,0
宮城県,大衡村,,5849,0
宮城県,色麻町,,6698,0
宮城県,加美町,,21943,0
宮城県,（旧：中新田町）,,12038,0
宮城県,（旧：小野田町）,,5639,0
宮城県,（旧：宮崎町）,,4266,0
宮城県,涌谷町,,15388,0
宮城県,美里町,,23994,0
宮城県,（旧：小牛田町）,,18728,0
宮城県,（旧：南郷町）,,5266,0
宮城県,女川町,,6430,0
宮城県,南三陸町,,12225,0
宮城県,（旧：志津川町）,,8132,0
宮城県,（旧：歌津町）,,4093,0
秋田県,秋田市,あきたし,307672,0
秋田県,（旧：秋田市）,,294392,0
秋田県,（旧：河辺町）,,7819,0
秋田県,（旧：雄和町）,,5461,0
秋田県,能代市,のしろし,49968,0
秋田県,（旧：能代市）,,42117,0
秋田県,（旧：二ツ井町）,,7851,0
秋田県,横手市,よこてし,85555,0
秋田県,（旧：横手市）,,34797,0
秋田県,（旧：増田町）,,6309,0
秋田県,（旧：平鹿町）,,11449,0
秋田県,（旧：雄物川町）,,8279,0
秋田県,（旧：大森町）,,5634,0
秋田県,（旧：十文字町）,,11756,0
秋田県,（旧：山内村）,,3006,0
秋田県,（旧：大雄村）,,4325,0
秋田県,大館市,おおだてし,69237,0
秋田県,（旧：大館市）,,54812,0
秋田県,（旧：比内町）,,8926,0
秋田県,（旧：田代町）,,5499,0
秋田県,男鹿市,おがし,25154,0
秋田県,（旧：男鹿市）,,20409,0
秋田県,（旧：若美町）,,4745,0
秋田県,湯沢市,ゆざわし,42091,0
秋田県,（旧：湯沢市）,,26425,0
秋田県,（旧：稲川町）,,7485,0
秋田県,（旧：雄勝町）,,6183,0
秋田県,（旧：皆瀬村）,,1998,0
秋田県,鹿角市,かづのし,29088,0
秋田県,由利本荘市,ゆりほんじょうし,74707,0
秋田県,（旧：本荘市）,,41923,0
秋田県,（旧：矢島町）,,4059,0
秋田県,（旧：岩城町）,,5099,0
秋田県,（旧：由利町）,,4228,0
秋田県,（旧：西目町）,,5669,0
秋田県,（旧：鳥海町）,,4018,0
秋田県,（旧：東由利町）,,2985,0
秋田県,（旧：大内町）,,6726,0
秋田県,潟上市,かたがみし,31720,0
秋田県,（旧：昭和町）,,6738,0
秋田県,（旧：飯田川町）,,3826,0
秋田県,（旧：天王町）,,21156,0
秋田県,大仙市,だいせんし,77657,0
秋田県,（旧：大曲市）,,35180,0
秋田県,（旧：神岡町）,,4759,0
秋田県,（旧：西仙北町）,,7428,0
秋田県,（旧：中仙町）,,8518,0
秋田県,（旧：協和町）,,6290,0
秋田県,（旧：南外村）,,3128,0
秋田県,（旧：仙北町）,,6644,0
秋田県,（旧：太田町）,,5710,0
秋田県,北秋田市,きたあきたし,30198,0
秋田県,（旧：鷹巣町）,,16805,0
秋田県,（旧：森吉町）,,5180,0
秋田県,（旧：阿仁町）,,2401,0
秋田県,（旧：合川町）,,5812,0
秋田県,にかほ市,にかほし,23435,0
秋田県,（旧：仁賀保町）,,9650,0
秋田県,（旧：金浦町）,,3785,0
秋田県,（旧：象潟町）,,10000,0
秋田県,仙北市,せんぼくし,24610,0
秋田県,（旧：角館町）,,11284,0
秋田県,（旧：田沢湖町）,,9286,0
秋田県,（旧：西木村）,,4040,0
秋田県,小坂町,,4780,0
秋田県,上小阿仁村,,2063,0
秋田県,藤里町,,2896,0
秋田県,三種町,,15254,0
秋田県,（旧：琴丘町）,,4329,0
秋田県,（旧：山本町）,,5826,0
秋田県,（旧：八竜町）,,5099,0
秋田県,八峰町,,6577,0
秋田県,（旧：八森町）,,3139,0
秋田県,（旧：峰浜村）,,3438,0
秋田県,五城目町,,8538,0
秋田県,八郎潟町,,5583,0
秋田県,井川町,,4566,0
秋田県,大潟村,,3011,0
秋田県,美郷町,,18613,0
秋田県,（旧：六郷町）,,5934,0
秋田県,（旧：千畑町）,,6426,0
秋田県,（旧：仙南村）,,6253,0
秋田県,羽後町,,13825,0
秋田県,東成瀬村,,2704,0
山形県,山形市,やまがたし,247590,0
山形県,米沢市,よねざわし,81252,0
山形県,鶴岡市,つるおかし,122347,0
山形県,（旧：鶴岡市）,,87894,0
山形県,（旧：藤島町）,,9472,0
山形県,（旧：羽黒町）,,7912,0
山形県,（旧：櫛引町）,,6872,0
山形県,（旧：朝日村）,,3704,0
山形県,（旧：温海町）,,6493,0
山形県,酒田市,さかたし,100273,0
山形県,（旧：酒田市）,,85443,0
山形県,（旧：八幡町）,,5225,0
山形県,（旧：松山町）,,4011,0
山形県,（旧：平田町）,,5594,0
山形県,新庄市,しんじょうし,34432,0
山形県,寒河江市,さがえし,40189,0
山形県,上山市,かみのやまし,29110,0
山形県,村山市,むらやまし,22516,0
山形県,長井市,ながいし,26543,0
山形県,天童市,てんどうし,62140,0
山形県,東根市,ひがしねし,47682,0
山形県,尾花沢市,おばなざわし,14971,0
山形県,南陽市,なんようし,30420,0
山形県,山辺町,,13725,0
山形県,中山町,,10746,0
山形県,河北町,,17641,0
山形県,西川町,,4956,0
山形県,朝日町,,6366,0
山形県,大江町,,7646,0
山形県,大石田町,,6577,0
山形県,金山町,,5071,0
山形県,最上町,,8080,0
山形県,舟形町,,5007,0
山形県,真室川町,,7203,0
山形県,大蔵村,,3028,0
山形県,鮭川村,,3902,0
山形県,戸沢村,,4199,0
山形県,高畠町,,22463,0
山形県,川西町,,14558,0
山形県,小国町,,7107,0
山形県,白鷹町,,12890,0
山形県,飯豊町,,6613,0
山形県,三川町,,7601,0
山形県,庄内町,,20151,0
山形県,（旧：立川町）,,4613,0
山形県,（旧：余目町）,,15538,0
山形県,遊佐町,,13032,0
福島県,福島市,ふくしまし,282693,0
福島県,（旧：福島市）,,277492,0
福島県,（旧：飯野町）,,5201,0
福島県,会津若松市,あいづわかまつし,117376,0
福島県,（旧：会津若松市）,,102587,0
福島県,（旧：北会津村）,,7163,0
福島県,（旧：河東町）,,7626,0
福島県,郡山市,こおりやまし,327692,0
福島県,いわき市,いわきし,332931,0
福島県,白河市,しらかわし,59491,0
福島県,（旧：白河市）,,44974,0
福島県,（旧：表郷村）,,5891,0
福島県,（旧：東村）,,4840,0
福島県,（旧：大信村）,,3786,0
福島県,須賀川市,すかがわし,74992,0
福島県,（旧：須賀川市）,,65350,0
福島県,（旧：長沼町）,,4877,0
福島県,（旧：岩瀬村）,,4765,0
福島県,喜多方市,きたかたし,44760,0
福島県,（旧：喜多方市）,,29391,0
福島県,（旧：熱塩加納村）,,2268,0
福島県,（旧：塩川町）,,8844,0
福島県,（旧：山都町）,,2682,0
福島県,（旧：高郷村）,,1575,0
福島県,相馬市,そうまし,34865,0
福島県,二本松市,にほんまつし,53557,0
福島県,（旧：二本松市）,,30194,0
福島県,（旧：安達町）,,11834,0
福島県,（旧：岩代町）,,5966,0
福島県,（旧：東和町）,,5563,0
福島県,田村市,たむらし,35169,0
福島県,（旧：滝根町）,,4192,0
福島県,（旧：大越町）,,4059,0
福島県,（旧：都路村）,,1878,0
福島県,（旧：常葉町）,,4956,0
福島県,（旧：船引町）,,20084,0
福島県,南相馬市,みなみそうまし,59005,0
福島県,（旧：原町市）,,45046,0
福島県,（旧：鹿島町）,,10330,0
福島県,（旧：小高町）,,3629,0
福島県,伊達市,だてし,58240,0
福島県,（旧：伊達町）,,11415,0
福島県,（旧：梁川町）,,15530,0
福島県,（旧：保原町）,,21705,0
福島県,（旧：霊山町）,,6601,0
福島県,（旧：月舘町）,,2989,0
福島県,本宮市,もとみやし,30236,0
福島県,（旧：本宮町）,,22883,0
福島県,（旧：白沢村）,,7353,0
福島県,桑折町,,11459,0
福島県,国見町,,8639,0
福島県,川俣町,,12170,0
福島県,大玉村,,8900,0
福島県,鏡石町,,12318,0
福島県,天栄村,,5194,0
福島県,下郷町,,5264,0
福島県,檜枝岐村,,504,0
福島県,只見町,,4044,0
福島県,南会津町,,14451,0
福島県,（旧：田島町）,,9830,0
福島県,（旧：舘岩村）,,1471,0
福島県,（旧：伊南村）,,1204,0
福島県,（旧：南郷村）,,1946,0
福島県,北塩原村,,2556,0
福島県,西会津町,,5770,0
福島県,磐梯町,,3322,0
福島県,猪苗代町,,13552,0
福島県,会津坂下町,,15068,0
福島県,湯川村,,3081,0
福島県,柳津町,,3081,0
福島県,三島町,,1452,0
福島県,金山町,,1862,0
福島県,昭和村,,1246,0
福島県,会津美里町,,19014,0
福島県,（旧：会津高田町）,,10905,0
福島県,（旧：会津本郷町）,,4999,0
福島県,（旧：新鶴村）,,3110,0
福島県,西郷村,,20808,0
福島県,泉崎村,,6213,0
福島県,中島村,,4885,0
福島県,矢吹町,,17287,0
福島県,棚倉町,,13343,0
福島県,矢祭町,,5392,0
福島県,塙町,,8302,0
福島県,鮫川村,,3049,0
福島県,石川町,,14644,0
福島県,玉川村,,6392,0
福島県,平田村,,5826,0
福島県,浅川町,,6036,0
福島県,古殿町,,4825,0
福島県,三春町,,17018,0
福島県,小野町,,9471,0
福島県,広野町,,5412,0
福島県,楢葉町,,3710,0
福島県,富岡町,,2128,0
福島県,川内村,,2044,0
福島県,大熊町,,847,0
福島県,双葉町,,0,0
福島県,浪江町,,1923,0
福島県,葛尾村,,420,0
福島県,新地町,,7905,0
福島県,飯舘村,,1318,0
茨城県,水戸市,みとし,270685,0
茨城県,（旧：水戸市）,,255576,0
茨城県,（旧：内原町）,,15109,0
茨城県,日立市,ひたちし,174508,0
茨城県,（旧：日立市）,,161158,0
茨城県,（旧：十王町）,,13350,0
茨城県,土浦市,つちうらし,142074,0
茨城県,（旧：土浦市）,,134333,0
茨城県,（旧：新治村）,,7741,0
茨城県,古河市,こがし,139344,0
茨城県,（旧：古河市）,,55214,0
茨城県,（旧：総和町）,,49830,0
茨城県,（旧：三和町）,,34300,0
茨城県,石岡市,いしおかし,73061,0
茨城県,（旧：石岡市）,,48088,0
茨城県,（旧：八郷町）,,24973,0
茨城県,結城市,ゆうきし,50645,0
茨城県,龍ケ崎市,りゅうがさきし,76420,0
茨城県,下妻市,しもつまし,42521,0
茨城県,（旧：下妻市）,,33844,0
茨城県,（旧：千代川村）,,8677,0
茨城県,常総市,じょうそうし,60834,0
茨城県,（旧：水海道市）,,37751,0
茨城県,（旧：石下町）,,23083,0
茨城県,常陸太田市,ひたちおおたし,48602,0
茨城県,（旧：常陸太田市）,,32754,0
茨城県,（旧：金砂郷町）,,9117,0
茨城県,（旧：水府村）,,3973,0
茨城県,（旧：里美村）,,2758,0
茨城県,高萩市,たかはぎし,27699,0
茨城県,北茨城市,きたいばらきし,41801,0
茨城県,笠間市,かさまし,73173,0
茨城県,（旧：笠間市）,,23774,0
茨城県,（旧：友部町）,,35331,0
茨城県,（旧：岩間町）,,14068,0
茨城県,取手市,とりでし,104524,0
茨城県,（旧：取手市）,,74218,0
茨城県,（旧：藤代町）,,30306,0
茨城県,牛久市,うしくし,84651,0
茨城県,つくば市,つくばし,241656,0
茨城県,（旧：つくば市）,,219010,0
茨城県,（旧：茎崎町）,,22646,0
茨城県,ひたちなか市,ひたちなかし,156581,0
茨城県,鹿嶋市,かしまし,66950,0
茨城県,潮来市,いたこし,27604,0
茨城県,（旧：牛堀町）,,4642,0
茨城県,（旧：潮来町）,,22962,0
茨城県,守谷市,もりやし,68421,0
茨城県,（旧：守谷町）,,68421,0
茨城県,常陸大宮市,ひたちおおみやし,39267,0
茨城県,（旧：御前山村）,,3192,0
茨城県,（旧：大宮町）,,24404,0
茨城県,（旧：山方町）,,5633,0
茨城県,（旧：美和村）,,2955,0
茨城県,（旧：緒川村）,,3083,0
茨城県,那珂市,なかし,53502,0
茨城県,（旧：那珂町）,,45878,0
茨城県,（旧：瓜連町）,,7624,0
茨城県,筑西市,ちくせいし,100753,0
茨城県,（旧：下館市）,,58817,0
茨城県,（旧：関城町）,,13237,0
茨城県,（旧：明野町）,,14458,0
茨城県,（旧：協和町）,,14241,0
茨城県,坂東市,ばんどうし,52265,0
茨城県,（旧：岩井市）,,39017,0
茨城県,（旧：猿島町）,,13248,0
茨城県,稲敷市,いなしきし,39039,0
茨城県,（旧：江戸崎町）,,15563,0
茨城県,（旧：新利根町）,,7752,0
茨城県,（旧：桜川村）,,5362,0
茨城県,（旧：東町）,,10362,0
茨城県,かすみがうら市,かすみがうらし,40087,0
茨城県,（旧：霞ヶ浦町）,,14564,0
茨城県,（旧：千代田町）,,25523,0
茨城県,桜川市,さくらがわし,39122,0
茨城県,（旧：岩瀬町）,,18077,0
茨城県,（旧：真壁町）,,15159,0
茨城県,（旧：大和村）,,5886,0
茨城県,神栖市,かみすし,95454,0
茨城県,（旧：神栖町）,,59757,0
茨城県,（旧：波崎町）,,35697,0
茨城県,行方市,なめがたし,32185,0
茨城県,（旧：麻生町）,,12520,0
茨城県,（旧：北浦町）,,8249,0
茨城県,（旧：玉造町）,,11416,0
茨城県,鉾田市,ほこたし,45953,0
茨城県,（旧：旭村）,,10784,0
茨城県,（旧：鉾田町）,,24634,0
茨城県,（旧：大洋村）,,10535,0
茨城県,つくばみらい市,つくばみらいし,49872,0
茨城県,（旧：伊奈町）,,26374,0
茨城県,（旧：谷和原村）,,23498,0
茨城県,小美玉市,おみたまし,48870,0
茨城県,（旧：小川町）,,16285,0
茨城県,（旧：美野里町）,,24642,0
茨城県,（旧：玉里村）,,7943,0
茨城県,茨城町,,31401,0
茨城県,大洗町,,15715,0
茨城県,城里町,,18097,0
茨城県,（旧：常北町）,,11289,0
茨城県,（旧：桂村）,,5212,0
茨城県,（旧：七会村）,,1596,0
茨城県,東海村,,37891,0
茨城県,大子町,,15736,0
茨城県,美浦村,,14602,0
茨城県,阿見町,,48553,0
茨城県,河内町,,8231,0
茨城県,八千代町,,21026,0
茨城県,五霞町,,8093,0
茨城県,境町,,24201,0
茨城県,利根町,,15340,0
栃木県,宇都宮市,うつのみやし,518757,0
栃木県,（旧：宇都宮市）,,474650,0
栃木県,（旧：上河内町）,,9527,0
栃木県,（旧：河内町）,,34580,0
栃木県,足利市,あしかがし,144746,0
栃木県,栃木市,とちぎし,155549,0
栃木県,（旧：栃木市）,,77064,0
栃木県,（旧：西方町）,,5842,0
栃木県,（旧：大平町）,,29048,0
栃木県,（旧：藤岡町）,,14639,0
栃木県,（旧：岩舟町）,,16519,0
栃木県,（旧：都賀町）,,12437,0
栃木県,佐野市,さのし,116228,0
栃木県,（旧：佐野市）,,81971,0
栃木県,（旧：田沼町）,,25960,0
栃木県,（旧：葛生町）,,8297,0
栃木県,鹿沼市,かぬまし,94033,0
栃木県,（旧：鹿沼市）,,86414,0
栃木県,（旧：粟野町）,,7619,0
栃木県,日光市,にっこうし,77661,0
栃木県,（旧：日光市）,,11483,0
栃木県,（旧：今市市）,,55579,0
栃木県,（旧：足尾町）,,1739,0
栃木県,（旧：栗山村）,,1041,0
栃木県,（旧：藤原町）,,7819,0
栃木県,小山市,おやまし,166666,0
栃木県,真岡市,もおかし,78190,0
栃木県,（旧：真岡市）,,63828,0
栃木県,（旧：二宮町）,,14362,0
栃木県,大田原市,おおたわらし,72087,0
栃木県,（旧：大田原市）,,57332,0
栃木県,（旧：湯津上村）,,3960,0
栃木県,（旧：黒羽町）,,10795,0
栃木県,矢板市,やいたし,31165,0
栃木県,那須塩原市,なすしおばらし,115210,0
栃木県,（旧：黒磯市）,,59880,0
栃木県,（旧：西那須野町）,,48522,0
栃木県,（旧：塩原町）,,6808,0
栃木県,さくら市,さくらし,44513,0
栃木県,（旧：氏家町）,,33766,0
栃木県,（旧：喜連川町）,,10747,0
栃木県,那須烏山市,なすからすやまし,24875,0
栃木県,（旧：南那須町）,,10235,0
栃木県,（旧：烏山町）,,14640,0
栃木県,下野市,しもつけし,59507,0
栃木県,（旧：南河内町）,,19563,0
栃木県,（旧：石橋町）,,21202,0
栃木県,（旧：国分寺町）,,18742,0
栃木県,上三川町,,30806,0
栃木県,益子町,,21898,0
栃木県,茂木町,,11891,0
栃木県,市貝町,,11262,0
栃木県,芳賀町,,14961,0
栃木県,壬生町,,39474,0
栃木県,野木町,,24913,0
栃木県,塩谷町,,10354,0
栃木県,高根沢町,,29229,0
栃木県,那須町,,23956,0
栃木県,那珂川町,,15215,0
栃木県,（旧：馬頭町）,,9622,0
栃木県,（旧：小川町）,,5593,0
群馬県,前橋市,まえばしし,332149,0
群馬県,（旧：前橋市）,,275741,0
群馬県,（旧：富士見村）,,21707,0
群馬県,（旧：大胡町）,,17483,0
群馬県,（旧：宮城村）,,7131,0
群馬県,（旧：粕川村）,,10087,0
群馬県,高崎市,たかさきし,372973,0
群馬県,（旧：高崎市）,,252032,0
群馬県,（旧：榛名町）,,18423,0
群馬県,（旧：倉渕村）,,3050,0
群馬県,（旧：箕郷町）,,20481,0
群馬県,（旧：群馬町）,,43565,0
群馬県,（旧：新町）,,12053,0
群馬県,（旧：吉井町）,,23369,0
群馬県,桐生市,きりゅうし,106445,0
群馬県,（旧：桐生市）,,88906,0
群馬県,（旧：新里村）,,15902,0
群馬県,（旧：黒保根村）,,1637,0
群馬県,伊勢崎市,いせさきし,211850,0
群馬県,（旧：伊勢崎市）,,132591,0
群馬県,（旧：赤堀町）,,23700,0
群馬県,（旧：東村）,,26455,0
群馬県,（旧：境町）,,29104,0
群馬県,太田市,おおたし,223014,0
群馬県,（旧：太田市）,,158800,0
群馬県,（旧：尾島町）,,13704,0
群馬県,（旧：新田町）,,28486,0
群馬県,（旧：藪塚本町）,,22024,0
群馬県,沼田市,ぬまたし,45337,0
群馬県,（旧：沼田市）,,38615,0
群馬県,（旧：白沢村）,,3388,0
群馬県,（旧：利根村）,,3334,0
群馬県,館林市,たてばやしし,75309,0
群馬県,渋川市,しぶかわし,74581,0
群馬県,（旧：渋川市）,,41674,0
群馬県,（旧：北橘村）,,8808,0
群馬県,（旧：赤城村）,,9277,0
群馬県,（旧：子持村）,,10856,0
群馬県,（旧：小野上村）,,1425,0
群馬県,（旧：伊香保町）,,2541,0
群馬県,藤岡市,ふじおかし,63261,0
群馬県,（旧：藤岡市）,,58391,0
群馬県,（旧：鬼石町）,,4870,0
群馬県,富岡市,とみおかし,47446,0
群馬県,（旧：富岡市）,,43600,0
群馬県,（旧：妙義町）,,3846,0
群馬県,安中市,あんなかし,54907,0
群馬県,（旧：安中市）,,42775,0
群馬県,（旧：松井田町）,,12132,0
群馬県,みどり市,みどりし,49648,0
群馬県,（旧：東村）,,1701,0
群馬県,（旧：笠懸町）,,30067,0
群馬県,（旧：大間々町）,,17880,0
群馬県,榛東村,,14216,0
群馬県,吉岡町,,21792,0
群馬県,上野村,,1128,0
群馬県,神流町,,1645,0
群馬県,（旧：万場町）,,1160,0
群馬県,（旧：中里村）,,485,0
群馬県,下仁田町,,6576,0
群馬県,南牧村,,1611,0
群馬県,甘楽町,,12491,0
群馬県,中之条町,,15386,0
群馬県,（旧：中之条町）,,14279,0
群馬県,（旧：六合村）,,1107,0
群馬県,長野原町,,5095,0
群馬県,嬬恋村,,8850,0
群馬県,草津町,,6049,0
群馬県,高山村,,3511,0
群馬県,東吾妻町,,12728,0
群馬県,（旧：東村）,,1712,0
群馬県,（旧：吾妻町）,,11016,0
群馬県,片品村,,3993,0
群馬県,川場村,,3480,0
群馬県,昭和村,,6953,0
群馬県,みなかみ町,,17195,0
群馬県,（旧：月夜野町）,,8647,0
群馬県,（旧：水上町）,,3484,0
群馬県,（旧：新治村）,,5064,0
群馬県,玉村町,,36054,0
群馬県,板倉町,,14083,0
群馬県,明和町,,10882,0
群馬県,千代田町,,10861,0
群馬県,大泉町,,42089,0
群馬県,邑楽町,,25522,0
埼玉県,さいたま市,,1324025,0
埼玉県,（旧：浦和市）,,584286,0
埼玉県,（旧：大宮市）,,524655,0
埼玉県,（旧：岩槻市）,,111815,0
埼玉県,（旧：与野市）,,103269,0
埼玉県,さいたま市西区,さいたましにしく,93499,0
埼玉県,さいたま市北区,さいたましきたく,149242,0
埼玉県,さいたま市大宮区,さいたましおおみやく,117784,0
埼玉県,さいたま市見沼区,さいたましみぬまく,165049,0
埼玉県,さいたま市中央区,さいたましちゅうおうく,103269,0
埼玉県,さいたま市桜区,さいたましさくらく,98661,0
埼玉県,さいたま市浦和区,さいたましうらわく,164822,0
埼玉県,さいたま市南区,さいたましみなみく,191563,0
埼玉県,さいたま市緑区,さいたましみどりく,128321,0
埼玉県,さいたま市岩槻区,さいたましいわつきく,111815,0
埼玉県,川越市,かわごえし,354571,0
埼玉県,熊谷市,くまがやし,194415,0
埼玉県,（旧：熊谷市）,,149959,0
埼玉県,（旧：大里村）,,8295,0
埼玉県,（旧：江南町）,,12644,0
埼玉県,（旧：妻沼町）,,23517,0
埼玉県,川口市,かわぐちし,594274,0
埼玉県,（旧：川口市）,,530263,0
埼玉県,（旧：鳩ケ谷市）,,64011,0
埼玉県,行田市,ぎょうだし,78617,0
埼玉県,（旧：行田市）,,75223,0
埼玉県,（旧：南河原村）,,3394,0
埼玉県,秩父市,ちちぶし,59674,0
埼玉県,（旧：秩父市）,,50155,0
埼玉県,（旧：吉田町）,,4299,0
埼玉県,（旧：大滝村）,,594,0
埼玉県,（旧：荒川村）,,4626,0
埼玉県,所沢市,ところざわし,342464,0
埼玉県,飯能市,はんのうし,80361,0
埼玉県,（旧：飯能市）,,78740,0
埼玉県,（旧：名栗村）,,1621,0
埼玉県,加須市,かぞし,111623,0
埼玉県,（旧：加須市）,,67417,0
埼玉県,（旧：騎西町）,,19089,0
埼玉県,（旧：北川辺町）,,11000,0
埼玉県,（旧：大利根町）,,14117,0
埼玉県,本庄市,ほんじょうし,78569,0
埼玉県,（旧：本庄市）,,57990,0
埼玉県,（旧：児玉町）,,20579,0
埼玉県,東松山市,ひがしまつやまし,91791,0
埼玉県,春日部市,かすかべし,229792,0
埼玉県,（旧：春日部市）,,193850,0
埼玉県,（旧：庄和町）,,35942,0
埼玉県,狭山市,さやまし,148699,0
埼玉県,羽生市,はにゅうし,52862,0
埼玉県,鴻巣市,こうのすし,116828,0
埼玉県,（旧：鴻巣市）,,79888,0
埼玉県,（旧：吹上町）,,28342,0
埼玉県,（旧：川里村）,,8598,0
埼玉県,深谷市,ふかやし,141268,0
埼玉県,（旧：深谷市）,,98496,0
埼玉県,（旧：岡部町）,,18035,0
埼玉県,（旧：川本町）,,11624,0
埼玉県,（旧：花園町）,,13113,0
埼玉県,上尾市,あげおし,226940,0
埼玉県,草加市,そうかし,248304,0
埼玉県,越谷市,こしがやし,341621,0
埼玉県,蕨市,わらびし,74283,0
埼玉県,戸田市,とだし,140899,0
埼玉県,入間市,いるまし,145651,0
埼玉県,朝霞市,あさかし,141083,0
埼玉県,志木市,しきし,75346,0
埼玉県,和光市,わこうし,83989,0
埼玉県,新座市,にいざし,166017,0
埼玉県,桶川市,おけがわし,74748,0
埼玉県,久喜市,くきし,150582,0
埼玉県,（旧：久喜市）,,66809,0
埼玉県,（旧：菖蒲町）,,18801,0
埼玉県,（旧：栗橋町）,,27019,0
埼玉県,（旧：鷲宮町）,,37953,0
埼玉県,北本市,きたもとし,65201,0
埼玉県,八潮市,やしおし,93363,0
埼玉県,富士見市,ふじみし,111859,0
埼玉県,三郷市,みさとし,142145,0
埼玉県,蓮田市,はすだし,61499,0
埼玉県,坂戸市,さかどし,100275,0
埼玉県,幸手市,さってし,50066,0
埼玉県,鶴ヶ島市,つるがしまし,70117,0
埼玉県,日高市,ひだかし,54571,0
埼玉県,吉川市,よしかわし,71979,0
埼玉県,ふじみ野市,ふじみのし,113597,0
埼玉県,（旧：上福岡市）,,61828,0
埼玉県,（旧：大井町）,,51769,0
埼玉県,白岡市,しらおかし,52214,0
埼玉県,（旧：白岡町）,,52214,0
埼玉県,伊奈町,,44841,0
埼玉県,三芳町,,38434,0
埼玉県,毛呂山町,,35366,0
埼玉県,越生町,,11029,0
埼玉県,滑川町,,19732,0
埼玉県,嵐山町,,17889,0
埼玉県,小川町,,28524,0
埼玉県,川島町,,19378,0
埼玉県,吉見町,,18192,0
埼玉県,鳩山町,,13560,0
埼玉県,ときがわ町,,10540,0
埼玉県,（旧：都幾川村）,,5950,0
埼玉県,（旧：玉川村）,,4590,0
埼玉県,横瀬町,,7979,0
埼玉県,皆野町,,9302,0
埼玉県,長瀞町,,6807,0
埼玉県,小鹿野町,,10928,0
埼玉県,（旧：小鹿野町）,,8880,0
埼玉県,（旧：両神村）,,2048,0
埼玉県,東秩父村,,2709,0
埼玉県,美里町,,11039,0
埼玉県,神川町,,13359,0
埼玉県,（旧：神川町）,,12470,0
埼玉県,（旧：神泉村）,,889,0
埼玉県,上里町,,30343,0
埼玉県,寄居町,,32374,0
埼玉県,宮代町,,34147,0
埼玉県,杉戸町,,43845,0
埼玉県,松伏町,,28266,0
千葉県,千葉市,,974951,0
千葉県,千葉市中央区,ちばしちゅうおうく,211736,0
千葉県,千葉市花見川区,ちばしはなみがわく,177328,0
千葉県,千葉市稲毛区,ちばしいなげく,160582,0
千葉県,千葉市若葉区,ちばしわかばく,146940,0
千葉県,千葉市緑区,ちばしみどりく,129421,0
千葉県,千葉市美浜区,ちばしみはまく,148944,0
千葉県,銚子市,ちょうしし,58431,0
千葉県,市川市,いちかわし,496676,0
千葉県,船橋市,ふなばしし,642907,0
千葉県,館山市,たてやまし,45153,0
千葉県,木更津市,きさらづし,136166,0
千葉県,松戸市,まつどし,498232,0
千葉県,野田市,のだし,152638,0
千葉県,（旧：野田市）,,128103,0
千葉県,（旧：関宿町）,,24535,0
千葉県,茂原市,もばらし,86782,0
千葉県,成田市,なりたし,132906,0
千葉県,（旧：成田市）,,116069,0
千葉県,（旧：下総町）,,6185,0
千葉県,（旧：大栄町）,,10652,0
千葉県,佐倉市,さくらし,168743,0
千葉県,東金市,とうがねし,58219,0
千葉県,旭市,あさひし,63745,0
千葉県,（旧：旭市）,,38693,0
千葉県,（旧：干潟町）,,6160,0
千葉県,（旧：海上町）,,10218,0
千葉県,（旧：飯岡町）,,8674,0
千葉県,習志野市,ならしのし,176197,0
千葉県,柏市,かしわし,426468,0
千葉県,（旧：柏市）,,373951,0
千葉県,（旧：沼南町）,,52517,0
千葉県,勝浦市,かつうらし,16927,0
千葉県,市原市,いちはらし,269524,0
千葉県,流山市,ながれやまし,199849,0
千葉県,八千代市,やちよし,199498,0
千葉県,我孫子市,あびこし,130510,0
千葉県,鴨川市,かもがわし,32116,0
千葉県,（旧：鴨川市）,,26904,0
千葉県,（旧：天津小湊町）,,5212,0
千葉県,鎌ケ谷市,かまがやし,109932,0
千葉県,君津市,きみつし,82206,0
千葉県,富津市,ふっつし,42465,0
千葉県,浦安市,うらやすし,171362,0
千葉県,四街道市,よつかいどうし,93576,0
千葉県,袖ケ浦市,そでがうらし,63883,0
千葉県,八街市,やちまたし,67455,0
千葉県,印西市,いんざいし,102609,0
千葉県,（旧：印西市）,,81379,0
千葉県,（旧：印旛村）,,13104,0
千葉県,（旧：本埜村）,,8126,0
千葉県,白井市,しろいし,62441,0
千葉県,（旧：白井町）,,62441,0
千葉県,富里市,とみさとし,49735,0
千葉県,（旧：富里町）,,49735,0
千葉県,南房総市,みなみぼうそうし,35831,0
千葉県,（旧：富浦町）,,4167,0
千葉県,（旧：富山町）,,4779,0
千葉県,（旧：三芳村）,,4107,0
千葉県,（旧：白浜町）,,4228,0
千葉県,（旧：千倉町）,,9656,0
千葉県,（旧：丸山町）,,4455,0
千葉県,（旧：和田町）,,4439,0
千葉県,匝瑳市,そうさし,35040,0
千葉県,（旧：八日市場市）,,27225,0
千葉県,（旧：野栄町）,,7815,0
千葉県,香取市,かとりし,72356,0
千葉県,（旧：佐原市）,,37710,0
千葉県,（旧：小見川町）,,21699,0
千葉県,（旧：山田町）,,8740,0
千葉県,（旧：栗源町）,,4207,0
千葉県,山武市,さんむし,48444,0
千葉県,（旧：成東町）,,20647,0
千葉県,（旧：山武町）,,15351,0
千葉県,（旧：蓮沼村）,,3682,0
千葉県,（旧：松尾町）,,8764,0
千葉県,いすみ市,いすみし,35544,0
千葉県,（旧：夷隅町）,,6124,0
千葉県,（旧：大原町）,,16495,0
千葉県,（旧：岬町）,,12925,0
千葉県,大網白里市,おおあみしらさとし,48129,0
千葉県,（旧：大網白里町）,,48129,0
千葉県,酒々井町,,20745,0
千葉県,栄町,,20127,0
千葉県,神崎町,,5816,0
千葉県,多古町,,13735,0
千葉県,東庄町,,13228,0
千葉県,九十九里町,,14639,0
千葉県,芝山町,,7033,0
千葉県,横芝光町,,22075,0
千葉県,（旧：光町）,,9746,0
千葉県,（旧：横芝町）,,12329,0
千葉県,一宮町,,11897,0
千葉県,睦沢町,,6760,0
千葉県,長生村,,13803,0
千葉県,白子町,,10305,0
千葉県,長柄町,,6721,0
千葉県,長南町,,7198,0
千葉県,大多喜町,,8885,0
千葉県,御宿町,,6874,0
千葉県,鋸南町,,6993,0
東京都,特別区部,,9733276,0
東京都,千代田区,ちよだく,66680,0
東京都,中央区,ちゅうおうく,169179,0
東京都,港区,みなとく,260486,0
東京都,新宿区,しんじゅくく,349385,0
東京都,文京区,ぶんきょうく,240069,0
東京都,台東区,たいとうく,211444,0
東京都,墨田区,すみだく,272085,0
東京都,江東区,こうとうく,524310,0
東京都,品川区,しながわく,422488,0
東京都,目黒区,めぐろく,288088,0
東京都,大田区,おおたく,748081,0
東京都,世田谷区,せたがやく,943664,0
東京都,渋谷区,しぶやく,243883,0
東京都,中野区,なかのく,344880,0
東京都,杉並区,すぎなみく,591108,0
東京都,豊島区,としまく,301599,0
東京都,北区,きたく,355213,0
東京都,荒川区,あらかわく,217475,0
東京都,板橋区,いたばしく,584483,0
東京都,練馬区,ねりまく,752608,0
東京都,足立区,あだちく,695043,0
東京都,葛飾区,かつしかく,453093,0
東京都,江戸川区,えどがわく,697932,0
東京都,八王子市,はちおうじし,579355,0
東京都,立川市,たちかわし,183581,0
東京都,武蔵野市,むさしのし,150149,0
東京都,三鷹市,みたかし,195391,0
東京都,青梅市,おうめし,133535,0
東京都,府中市,ふちゅうし,262790,0
東京都,昭島市,あきしまし,113949,0
東京都,調布市,ちょうふし,242614,0
東京都,町田市,まちだし,431079,0
東京都,小金井市,こがねいし,126074,0
東京都,小平市,こだいらし,198739,0
東京都,日野市,ひのし,190435,0
東京都,東村山市,ひがしむらやまし,151815,0
東京都,国分寺市,こくぶんじし,129242,0
東京都,国立市,くにたちし,77130,0
東京都,福生市,ふっさし,56414,0
東京都,狛江市,こまえし,84772,0
東京都,東大和市,ひがしやまとし,83901,0
東京都,清瀬市,きよせし,76208,0
東京都,東久留米市,ひがしくるめし,115271,0
東京都,武蔵村山市,むさしむらやまし,70829,0
東京都,多摩市,たまし,146951,0
東京都,稲城市,いなぎし,93151,0
東京都,羽村市,はむらし,54326,0
東京都,あきる野市,あきるのし,79292,0
東京都,西東京市,にしとうきょうし,207388,0
東京都,（旧：田無市）,,91729,0
東京都,（旧：保谷市）,,115659,0
東京都,瑞穂町,,31765,0
東京都,日の出町,,16958,0
東京都,檜原村,,2003,0
東京都,奥多摩町,,4750,0
東京都,大島町,おおしままち,7102,0
東京都,利島村,としまむら,327,0
東京都,新島村,にいじまむら,2441,0
東京都,神津島村,こうづしまむら,1855,0
東京都,三宅村,,2273,0
東京都,御蔵島村,みくらじまむら,323,0
東京都,八丈町,,7042,0
東京都,青ヶ島村,あおがしまむら,169,0
東京都,小笠原村,おがさわらむら,2929,0
神奈川県,横浜市,,3777491,0
神奈川県,横浜市鶴見区,よこはましつるみく,297437,0
神奈川県,横浜市神奈川区,よこはましかながわく,247267,0
神奈川県,横浜市西区,よこはましにしく,104935,0
神奈川県,横浜市中区,よこはましなかく,151388,0
神奈川県,横浜市南区,よこはましみなみく,198157,0
神奈川県,横浜市保土ケ谷区,よこはましほどがやく,207811,0
神奈川県,横浜市磯子区,よこはましいそごく,166731,0
神奈川県,横浜市金沢区,よこはましかなざわく,198939,0
神奈川県,横浜市港北区,よこはましこうほくく,358530,0
神奈川県,横浜市戸塚区,よこはましとつかく,283709,0
神奈川県,横浜市港南区,よこはましこうなんく,215248,0
神奈川県,横浜市旭区,よこはましあさひく,245174,0
神奈川県,横浜市緑区,よこはましみどりく,183082,0
神奈川県,横浜市瀬谷区,よこはましせやく,122623,0
神奈川県,横浜市栄区,よこはましさかえく,120194,0
神奈川県,横浜市泉区,よこはましいずみく,152378,0
神奈川県,横浜市青葉区,よこはましあおばく,310756,0
神奈川県,横浜市都筑区,よこはましつづきく,213132,0
神奈川県,川崎市,,1538262,0
神奈川県,川崎市川崎区,かわさきしかわさきく,232965,0
神奈川県,川崎市幸区,かわさきしさいわいく,171119,0
神奈川県,川崎市中原区,かわさきしなかはらく,263683,0
神奈川県,川崎市高津区,かわさきしたかつく,234328,0
神奈川県,川崎市多摩区,かわさきしたまく,221734,0
神奈川県,川崎市宮前区,かわさきしみやまえく,233728,0
神奈川県,川崎市麻生区,かわさきしあさおく,180705,0
神奈川県,相模原市,,725493,0
神奈川県,（旧：相模原市）,,662159,0
神奈川県,（旧：城山町）,,23180,0
神奈川県,（旧：津久井町）,,24002,0
神奈川県,（旧：相模湖町）,,7695,0
神奈川県,（旧：藤野町）,,8457,0
神奈川県,相模原市緑区,さがみはらしみどりく,170207,0
神奈川県,相模原市中央区,さがみはらしちゅうおうく,273875,0
神奈川県,相模原市南区,さがみはらしみなみく,281411,0
神奈川県,横須賀市,よこすかし,388078,0
神奈川県,平塚市,ひらつかし,258422,0
神奈川県,鎌倉市,かまくらし,172710,0
神奈川県,藤沢市,ふじさわし,436905,0
神奈川県,小田原市,おだわらし,188856,0
神奈川県,茅ヶ崎市,ちがさきし,242389,0
神奈川県,逗子市,ずしし,57060,0
神奈川県,三浦市,みうらし,42069,0
神奈川県,秦野市,はだのし,162439,0
神奈川県,厚木市,あつぎし,223705,0
神奈川県,大和市,やまとし,239169,0
神奈川県,伊勢原市,いせはらし,101780,0
神奈川県,海老名市,えびなし,136516,0
神奈川県,座間市,ざまし,132325,0
神奈川県,南足柄市,みなみあしがらし,40841,0
神奈川県,綾瀬市,あやせし,83913,0
神奈川県,葉山町,,31665,0
神奈川県,寒川町,,48348,0
神奈川県,大磯町,,31634,0
神奈川県,二宮町,,27564,0
神奈川県,中井町,,9300,0
神奈川県,大井町,,17129,0
神奈川県,松田町,,10836,0
神奈川県,山北町,,9761,0
神奈川県,開成町,,18329,0
神奈川県,箱根町,,11293,0
神奈川県,真鶴町,,6722,0
神奈川県,湯河原町,,23426,0
神奈川県,愛川町,,39869,0
神奈川県,清川村,,3038,0
新潟県,新潟市,,789275,0
新潟県,（旧：新潟市）,,495693,0
新潟県,（旧：新津市）,,66046,0
新潟県,（旧：白根市）,,35817,0
新潟県,（旧：豊栄市）,,46642,0
新潟県,（旧：小須戸町）,,9023,0
新潟県,（旧：横越町）,,11921,0
新潟県,（旧：亀田町）,,35317,0
新潟県,（旧：岩室村）,,8219,0
新潟県,（旧：巻町）,,25801,0
新潟県,（旧：西川町）,,10450,0
新潟県,（旧：黒埼町）,,26236,0
新潟県,（旧：味方村）,,4308,0
新潟県,（旧：潟東村）,,5202,0
新潟県,（旧：月潟村）,,3312,0
新潟県,（旧：中之口村）,,5288,0
新潟県,新潟市北区,にいがたしきたく,72804,0
新潟県,新潟市東区,にいがたしひがしく,134446,0
新潟県,新潟市中央区,にいがたしちゅうおうく,180345,0
新潟県,新潟市江南区,にいがたしこうなんく,67972,0
新潟県,新潟市秋葉区,にいがたしあきはく,75069,0
新潟県,新潟市南区,にいがたしみなみく,43437,0
新潟県,新潟市西区,にいがたしにしく,160656,0
新潟県,新潟市西蒲区,にいがたしにしかんく,54546,0
新潟県,長岡市,ながおかし,266936,0
新潟県,（旧：長岡市）,,191859,0
新潟県,（旧：栃尾市）,,16440,0
新潟県,（旧：中之島町）,,10790,0
新潟県,（旧：越路町）,,13144,0
新潟県,（旧：三島町）,,6738,0
新潟県,（旧：与板町）,,5957,0
新潟県,（旧：和島村）,,3676,0
新潟県,（旧：寺泊町）,,8694,0
新潟県,（旧：山古志村）,,809,0
新潟県,（旧：川口町）,,4087,0
新潟県,（旧：小国町）,,4742,0
新潟県,三条市,さんじょうし,94642,0
新潟県,（旧：三条市）,,75958,0
新潟県,（旧：下田村）,,8505,0
新潟県,（旧：栄町）,,10179,0
新潟県,柏崎市,かしわざきし,81526,0
新潟県,（旧：柏崎市）,,75424,0
新潟県,（旧：高柳町）,,1187,0
新潟県,（旧：西山町）,,4915,0
新潟県,新発田市,しばたし,94927,0
新潟県,（旧：新発田市）,,74126,0
新潟県,（旧：豊浦町）,,8546,0
新潟県,（旧：加治川村）,,5683,0
新潟県,（旧：紫雲寺町）,,6572,0
新潟県,小千谷市,おぢやし,34096,0
新潟県,加茂市,かもし,25441,0
新潟県,十日町市,とおかまちし,49820,0
新潟県,（旧：十日町市）,,34646,0
新潟県,（旧：川西町）,,5873,0
新潟県,（旧：中里村）,,4659,0
新潟県,（旧：松代町）,,2816,0
新潟県,（旧：松之山町）,,1826,0
新潟県,見附市,みつけし,39237,0
新潟県,村上市,むらかみし,57418,0
新潟県,（旧：村上市）,,26024,0
新潟県,（旧：荒川町）,,9585,0
新潟県,（旧：神林村）,,8133,0
新潟県,（旧：朝日村）,,8604,0
新潟県,（旧：山北町）,,5072,0
新潟県,燕市,つばめし,77201,0
新潟県,（旧：燕市）,,41315,0
新潟県,（旧：分水町）,,13046,0
新潟県,（旧：吉田町）,,22840,0
新潟県,糸魚川市,いといがわし,40765,0
新潟県,（旧：糸魚川市）,,25491,0
新潟県,（旧：能生町）,,7733,0
新潟県,（旧：青海町）,,7541,0
新潟県,妙高市,みょうこうし,30383,0
新潟県,（旧：新井市）,,22846,0
新潟県,（旧：妙高高原町）,,4159,0
新潟県,（旧：妙高村）,,3378,0
新潟県,五泉市,ごせんし,47625,0
新潟県,（旧：五泉市）,,32200,0
新潟県,（旧：村松町）,,15425,0
新潟県,上越市,じょうえつし,188047,0
新潟県,（旧：上越市）,,129454,0
新潟県,（旧：安塚町）,,2069,0
新潟県,（旧：浦川原村）,,3111,0
新潟県,（旧：大島村）,,1289,0
新潟県,（旧：牧村）,,1629,0
新潟県,（旧：柿崎町）,,8901,0
新潟県,（旧：大潟町）,,9096,0
新潟県,（旧：頸城村）,,9176,0
新潟県,（旧：吉川町）,,3669,0
新潟県,（旧：中郷村）,,3390,0
新潟県,（旧：板倉町）,,6248,0
新潟県,（旧：清里村）,,2453,0
新潟県,（旧：三和村）,,5218,0
新潟県,（旧：名立町）,,2344,0
新潟県,阿賀野市,あがのし,40696,0
新潟県,（旧：安田町）,,8932,0
新潟県,（旧：京ヶ瀬村）,,6821,0
新潟県,（旧：水原町）,,18059,0
新潟県,（旧：笹神村）,,6884,0
新潟県,佐渡市,さどし,51492,0
新潟県,（旧：両津市）,,11572,0
新潟県,（旧：相川町）,,5809,0
新潟県,（旧：佐和田町）,,8308,0
新潟県,（旧：金井町）,,6172,0
新潟県,（旧：新穂村）,,3396,0
新潟県,（旧：畑野町）,,4034,0
新潟県,（旧：真野町）,,4443,0
新潟県,（旧：小木町）,,2583,0
新潟県,（旧：羽茂町）,,3063,0
新潟県,（旧：赤泊村）,,2112,0
新潟県,魚沼市,うおぬまし,34483,0
新潟県,（旧：堀之内町）,,7229,0
新潟県,（旧：小出町）,,10647,0
新潟県,（旧：湯之谷村）,,5565,0
新潟県,（旧：広神村）,,6878,0
新潟県,（旧：守門村）,,3072,0
新潟県,（旧：入広瀬村）,,1092,0
新潟県,南魚沼市,みなみうおぬまし,54851,0
新潟県,（旧：塩沢町）,,16762,0
新潟県,（旧：六日町）,,24746,0
新潟県,（旧：大和町）,,13343,0
新潟県,胎内市,たいないし,28509,0
新潟県,（旧：中条町）,,23755,0
新潟県,（旧：黒川村）,,4754,0
新潟県,聖籠町,,14259,0
新潟県,弥彦村,,7705,0
新潟県,田上町,,11227,0
新潟県,阿賀町,,9965,0
新潟県,（旧：津川町）,,3441,0
新潟県,（旧：鹿瀬町）,,1590,0
新潟県,（旧：上川村）,,2063,0
新潟県,（旧：三川村）,,2871,0
新潟県,出雲崎町,,4113,0
新潟県,湯沢町,,7767,0
新潟県,津南町,,8989,0
新潟県,刈羽村,,4380,0
新潟県,関川村,,5144,0
新潟県,粟島浦村,,353,0
富山県,富山市,とやまし,413938,0
富山県,（旧：富山市）,,321666,0
富山県,（旧：大沢野町）,,21000,0
富山県,（旧：大山町）,,9321,0
富山県,（旧：八尾町）,,18673,0
富山県,（旧：婦中町）,,40803,0
富山県,（旧：山田村）,,1297,0
富山県,（旧：細入村）,,1178,0
富山県,高岡市,たかおかし,166393,0
富山県,（旧：高岡市）,,154218,0
富山県,（旧：福岡町）,,12175,0
富山県,魚津市,うおづし,40535,0
富山県,氷見市,ひみし,43950,0
富山県,滑川市,なめりかわし,32349,0
富山県,黒部市,くろべし,39638,0
富山県,（旧：黒部市）,,34945,0
富山県,（旧：宇奈月町）,,4693,0
富山県,砺波市,となみし,48154,0
富山県,（旧：砺波市）,,42606,0
富山県,（旧：庄川町）,,5548,0
富山県,小矢部市,おやべし,28983,0
富山県,南砺市,なんとし,47937,0
富山県,（旧：城端町）,,8071,0
富山県,（旧：平村）,,847,0
富山県,（旧：上平村）,,585,0
富山県,（旧：利賀村）,,465,0
富山県,（旧：井波町）,,7855,0
富山県,（旧：井口村）,,1076,0
富山県,（旧：福野町）,,13011,0
富山県,（旧：福光町）,,16027,0
富山県,射水市,いみずし,90742,0
富山県,（旧：新湊市）,,31685,0
富山県,（旧：小杉町）,,33919,0
富山県,（旧：大門町）,,12443,0
富山県,（旧：下村）,,1719,0
富山県,（旧：大島町）,,10976,0
富山県,舟橋村,,3132,0
富山県,上市町,,19351,0
富山県,立山町,,24792,0
富山県,入善町,,23839,0
富山県,朝日町,,11081,0
石川県,金沢市,かなざわし,463254,0
石川県,七尾市,ななおし,50300,0
石川県,（旧：七尾市）,,38191,0
石川県,（旧：田鶴浜町）,,4523,0
石川県,（旧：中島町）,,5115,0
石川県,（旧：能登島町）,,2471,0
石川県,小松市,こまつし,106216,0
石川県,輪島市,わじまし,24608,0
石川県,（旧：輪島市）,,19686,0
石川県,（旧：門前町）,,4922,0
石川県,珠洲市,すずし,12929,0
石川県,加賀市,かがし,63220,0
石川県,（旧：加賀市）,,56172,0
石川県,（旧：山中町）,,7048,0
石川県,羽咋市,はくいし,20407,0
石川県,かほく市,かほくし,34889,0
石川県,（旧：高松町）,,9855,0
石川県,（旧：七塚町）,,12411,0
石川県,（旧：宇ノ気町）,,12623,0
石川県,白山市,はくさんし,110408,0
石川県,（旧：松任市）,,70626,0
石川県,（旧：美川町）,,11923,0
石川県,（旧：鶴来町）,,22699,0
石川県,（旧：河内村）,,917,0
石川県,（旧：吉野谷村）,,941,0
石川県,（旧：鳥越村）,,2272,0
石川県,（旧：尾口村）,,362,0
石川県,（旧：白峰村）,,668,0
石川県,能美市,のみし,48523,0
石川県,（旧：根上町）,,15756,0
石川県,（旧：寺井町）,,17078,0
石川県,（旧：辰口町）,,15689,0
石川県,野々市市,ののいちし,57238,0
石川県,（旧：野々市町）,,57238,0
石川県,川北町,,6135,0
石川県,津幡町,,36957,0
石川県,内灘町,,26574,0
石川県,志賀町,,18630,0
石川県,（旧：富来町）,,6088,0
石川県,（旧：志賀町）,,12542,0
石川県,宝達志水町,,12121,0
石川県,（旧：志雄町）,,5337,0
石川県,（旧：押水町）,,6784,0
石川県,中能登町,,16540,0
石川県,（旧：鳥屋町）,,5031,0
石川県,（旧：鹿島町）,,7521,0
石川県,（旧：鹿西町）,,3988,0
石川県,穴水町,,7890,0
石川県,（旧：穴水町）,,7890,0
石川県,能登町,,15687,0
石川県,（旧：能都町）,,7410,0
石川県,（旧：柳田村）,,3124,0
石川県,（旧：内浦町）,,5153,0
福井県,福井市,ふくいし,262328,0
福井県,（旧：福井市）,,248707,0
福井県,（旧：美山町）,,3656,0
福井県,（旧：越廼村）,,1054,0
福井県,（旧：清水町）,,8911,0
福井県,敦賀市,つるがし,64264,0
福井県,小浜市,おばまし,28991,0
福井県,大野市,おおのし,31286,0
福井県,（旧：大野市）,,30695,0
福井県,（旧：和泉村）,,591,0
福井県,勝山市,かつやまし,22150,0
福井県,鯖江市,さばえし,68302,0
福井県,あわら市,あわらし,27524,0
福井県,（旧：芦原町）,,11259,0
福井県,（旧：金津町）,,16265,0
福井県,越前市,えちぜんし,80611,0
福井県,（旧：武生市）,,69778,0
福井県,（旧：今立町）,,10833,0
福井県,坂井市,さかいし,88481,0
福井県,（旧：三国町）,,20176,0
福井県,（旧：丸岡町）,,30728,0
福井県,（旧：春江町）,,25152,0
福井県,（旧：坂井町）,,12425,0
福井県,永平寺町,,18965,0
福井県,（旧：松岡町）,,10927,0
福井県,（旧：永平寺町）,,5266,0
福井県,（旧：上志比村）,,2772,0
福井県,池田町,,2423,0
福井県,南越前町,,10002,0
福井県,（旧：南条町）,,5075,0
福井県,（旧：今庄町）,,3433,0
福井県,（旧：河野村）,,1494,0
福井県,越前町,,20118,0
福井県,（旧：朝日町）,,8569,0
福井県,（旧：宮崎村）,,3448,0
福井県,（旧：越前町）,,4038,0
福井県,（旧：織田町）,,4063,0
福井県,美浜町,,9179,0
福井県,高浜町,,10326,0
福井県,おおい町,,7910,0
福井県,（旧：名田庄村）,,2165,0
福井県,（旧：大飯町）,,5745,0
福井県,若狭町,,14003,0
福井県,（旧：三方町）,,7132,0
福井県,（旧：上中町）,,6871,0
山梨県,甲府市,こうふし,189591,0
山梨県,（旧：甲府市）,,184532,0
山梨県,（旧：中道町）,,4851,0
山梨県,（旧：上九一色村［北部］）,,208,0
山梨県,富士吉田市,ふじよしだし,46530,0
山梨県,都留市,つるし,31016,0
山梨県,山梨市,やまなしし,33435,0
山梨県,（旧：山梨市）,,28630,0
山梨県,（旧：牧丘町）,,4096,0
山梨県,（旧：三富村）,,709,0
山梨県,大月市,おおつきし,22512,0
山梨県,韮崎市,にらさきし,29067,0
山梨県,南アルプス市,みなみあるぷすし,69459,0
山梨県,（旧：八田村）,,6981,0
山梨県,（旧：白根町）,,18884,0
山梨県,（旧：芦安村）,,227,0
山梨県,（旧：若草町）,,13041,0
山梨県,（旧：櫛形町）,,18290,0
山梨県,（旧：甲西町）,,12036,0
山梨県,北杜市,ほくとし,44053,0
山梨県,（旧：明野村）,,4231,0
山梨県,（旧：須玉町）,,5520,0
山梨県,（旧：高根町）,,8776,0
山梨県,（旧：長坂町）,,8727,0
山梨県,（旧：大泉村）,,4730,0
山梨県,（旧：小淵沢町）,,5747,0
山梨県,（旧：白州町）,,3412,0
山梨県,（旧：武川村）,,2910,0
山梨県,甲斐市,かいし,75313,0
山梨県,（旧：竜王町）,,39297,0
山梨県,（旧：敷島町）,,19281,0
山梨県,（旧：双葉町）,,16735,0
山梨県,笛吹市,ふえふきし,66947,0
山梨県,（旧：春日居町）,,7374,0
山梨県,（旧：石和町）,,26480,0
山梨県,（旧：御坂町）,,11166,0
山梨県,（旧：一宮町）,,9814,0
山梨県,（旧：八代町）,,7768,0
山梨県,（旧：境川村）,,4069,0
山梨県,（旧：芦川村）,,276,0
山梨県,上野原市,うえのはらし,22669,0
山梨県,（旧：秋山村）,,1461,0
山梨県,（旧：上野原町）,,21208,0
山梨県,甲州市,こうしゅうし,29237,0
山梨県,（旧：塩山市）,,20427,0
山梨県,（旧：勝沼町）,,7814,0
山梨県,（旧：大和村）,,996,0
山梨県,中央市,ちゅうおうし,31216,0
山梨県,（旧：豊富村）,,3160,0
山梨県,（旧：玉穂町）,,11789,0
山梨県,（旧：田富町）,,16267,0
山梨県,市川三郷町,,14700,0
山梨県,（旧：三珠町）,,3648,0
山梨県,（旧：市川大門町）,,8446,0
山梨県,（旧：六郷町）,,2606,0
山梨県,早川町,,1098,0
山梨県,身延町,,10663,0
山梨県,（旧：下部町）,,2828,0
山梨県,（旧：中富町）,,2679,0
山梨県,（旧：身延町）,,5156,0
山梨県,南部町,,7156,0
山梨県,（旧：南部町）,,4377,0
山梨県,（旧：富沢町）,,2779,0
山梨県,富士川町,,14219,0
山梨県,（旧：増穂町）,,11178,0
山梨県,（旧：鰍沢町）,,3041,0
山梨県,昭和町,,20909,0
山梨県,道志村,,1607,0
山梨県,西桂町,,4041,0
山梨県,忍野村,,9237,0
山梨県,山中湖村,,5179,0
山梨県,鳴沢村,,2824,0
山梨県,富士河口湖町,,26082,0
山梨県,（旧：上九一色村［南部］）,,894,0
山梨県,（旧：河口湖町）,,21089,0
山梨県,（旧：勝山村）,,2735,0
山梨県,（旧：足和田村）,,1364,0
山梨県,小菅村,,684,0
山梨県,丹波山村,,530,0
長野県,長野市,ながのし,372760,0
長野県,（旧：長野市）,,353819,0
長野県,（旧：大岡村）,,823,0
長野県,（旧：信州新町）,,3540,0
長野県,（旧：豊野町）,,8790,0
長野県,（旧：戸隠村）,,3055,0
長野県,（旧：鬼無里村）,,1128,0
長野県,（旧：中条村）,,1605,0
長野県,松本市,まつもとし,241145,0
長野県,（旧：松本市）,,207575,0
長野県,（旧：四賀村）,,4093,0
長野県,（旧：波田町）,,15071,0
長野県,（旧：奈川村）,,562,0
長野県,（旧：安曇村）,,1632,0
長野県,（旧：梓川村）,,12212,0
長野県,上田市,うえだし,154055,0
長野県,（旧：上田市）,,120466,0
長野県,（旧：丸子町）,,21091,0
長野県,（旧：真田町）,,9339,0
長野県,（旧：武石村）,,3159,0
長野県,岡谷市,おかやし,47790,0
長野県,飯田市,いいだし,98164,0
長野県,（旧：飯田市）,,96615,0
長野県,（旧：上村）,,351,0
長野県,（旧：南信濃村）,,1198,0
長野県,諏訪市,すわし,48729,0
長野県,須坂市,すざかし,49559,0
長野県,小諸市,こもろし,40991,0
長野県,伊那市,いなし,66125,0
長野県,（旧：伊那市）,,59332,0
長野県,（旧：高遠町）,,5175,0
長野県,（旧：長谷村）,,1618,0
長野県,駒ヶ根市,こまがねし,32202,0
長野県,中野市,なかのし,42338,0
長野県,（旧：中野市）,,38498,0
長野県,（旧：豊田村）,,3840,0
長野県,大町市,おおまちし,26029,0
長野県,（旧：大町市）,,24423,0
長野県,（旧：八坂村）,,755,0
長野県,（旧：美麻村）,,851,0
長野県,飯山市,いいやまし,19539,0
長野県,茅野市,ちのし,56400,0
長野県,塩尻市,しおじりし,67241,0
長野県,（旧：塩尻市）,,65002,0
長野県,（旧：楢川村）,,2239,0
長野県,佐久市,さくし,98199,0
長野県,（旧：佐久市）,,71668,0
長野県,（旧：臼田町）,,12832,0
長野県,（旧：望月町）,,8069,0
長野県,（旧：浅科村）,,5630,0
長野県,千曲市,ちくまし,58852,0
長野県,（旧：更埴市）,,36439,0
長野県,（旧：上山田町）,,5568,0
長野県,（旧：戸倉町）,,16845,0
長野県,東御市,とうみし,30122,0
長野県,（旧：北御牧村）,,4690,0
長野県,（旧：東部町）,,25432,0
長野県,安曇野市,あづみのし,94222,0
長野県,（旧：明科町）,,7659,0
長野県,（旧：豊科町）,,27362,0
長野県,（旧：穂高町）,,32529,0
長野県,（旧：三郷村）,,18026,0
長野県,（旧：堀金村）,,8646,0
長野県,小海町,,4353,0
長野県,川上村,,4344,0
長野県,南牧村,,3242,0
長野県,南相木村,,962,0
長野県,北相木村,,752,0
長野県,佐久穂町,,10218,0
長野県,（旧：佐久町）,,6745,0
長野県,（旧：八千穂村）,,3473,0
長野県,軽井沢町,,19188,0
長野県,御代田町,,15555,0
長野県,立科町,,6612,0
長野県,青木村,,4121,0
長野県,長和町,,5600,0
長野県,（旧：長門町）,,4011,0
長野県,（旧：和田村）,,1589,0
長野県,下諏訪町,,19155,0
長野県,富士見町,,14084,0
長野県,原村,,7680,0
長野県,辰野町,,18555,0
長野県,箕輪町,,24989,0
長野県,飯島町,,9004,0
長野県,南箕輪村,,15797,0
長野県,中川村,,4651,0
長野県,宮田村,,8569,0
長野県,松川町,,12530,0
長野県,高森町,,12811,0
長野県,阿南町,,4299,0
長野県,阿智村,,6068,0
長野県,（旧：清内路村）,,511,0
長野県,（旧：阿智村）,,5087,0
長野県,（旧：浪合村）,,470,0
長野県,平谷村,,387,0
長野県,根羽村,,852,0
長野県,下條村,,3545,0
長野県,売木村,,548,0
長野県,天龍村,,1178,0
長野県,泰阜村,,1542,0
長野県,喬木村,,5973,0
長野県,豊丘村,,6426,0
長野県,大鹿村,,1023,0
長野県,上松町,,4131,0
長野県,南木曽町,,3915,0
長野県,木祖村,,2692,0
長野県,王滝村,,715,0
長野県,大桑村,,3439,0
長野県,木曽町,,10584,0
長野県,（旧：木曽福島町）,,5878,0
長野県,（旧：日義村）,,2112,0
長野県,（旧：開田村）,,1439,0
長野県,（旧：三岳村）,,1155,0
長野県,麻績村,,2593,0
長野県,生坂村,,1639,0
長野県,山形村,,8400,0
長野県,朝日村,,4279,0
長野県,筑北村,,4149,0
長野県,（旧：本城村）,,1561,0
長野県,（旧：坂北村）,,1528,0
長野県,（旧：坂井村）,,1060,0
長野県,池田町,,9382,0
長野県,松川村,,9599,0
長野県,白馬村,,8575,0
長野県,小谷村,,2647,0
長野県,坂城町,,14004,0
長野県,小布施町,,10660,0
長野県,高山村,,6617,0
長野県,山ノ内町,,11352,0
長野県,木島平村,,4375,0
長野県,野沢温泉村,,3279,0
長野県,信濃町,,7739,0
長野県,小川村,,2215,0
長野県,飯綱町,,10296,0
長野県,（旧：牟礼村）,,6151,0
長野県,（旧：三水村）,,4145,0
長野県,栄村,,1660,0
岐阜県,岐阜市,ぎふし,402557,0
岐阜県,（旧：岐阜市）,,388748,0
岐阜県,（旧：柳津町）,,13809,0
岐阜県,大垣市,おおがきし,158286,0
岐阜県,（旧：大垣市）,,148607,0
岐阜県,（旧：上石津町）,,4980,0
岐阜県,（旧：墨俣町）,,4699,0
岐阜県,高山市,たかやまし,84419,0
岐阜県,（旧：高山市）,,59639,0
岐阜県,（旧：丹生川村）,,3983,0
岐阜県,（旧：清見村）,,2166,0
岐阜県,（旧：荘川村）,,1010,0
岐阜県,（旧：宮村）,,2355,0
岐阜県,（旧：久々野町）,,3184,0
岐阜県,（旧：朝日村）,,1435,0
岐阜県,（旧：高根村）,,281,0
岐阜県,（旧：国府町）,,7537,0
岐阜県,（旧：上宝村）,,2829,0
岐阜県,多治見市,たじみし,106732,0
岐阜県,（旧：多治見市）,,97477,0
岐阜県,（旧：笠原町）,,9255,0
岐阜県,関市,せきし,85283,0
岐阜県,（旧：関市）,,72854,0
岐阜県,（旧：洞戸村）,,1783,0
岐阜県,（旧：板取村）,,916,0
岐阜県,（旧：武芸川町）,,5539,0
岐阜県,（旧：武儀町）,,2840,0
岐阜県,（旧：上之保村）,,1351,0
岐阜県,中津川市,なかつがわし,76570,0
岐阜県,（旧：中津川市）,,52897,0
岐阜県,（旧：坂下町）,,4305,0
岐阜県,（旧：川上村）,,719,0
岐阜県,（旧：加子母村）,,2498,0
岐阜県,（旧：付知町）,,5332,0
岐阜県,（旧：福岡町）,,6197,0
岐阜県,（旧：蛭川村）,,3078,0
岐阜県,（旧：山口村）,,1544,0
岐阜県,美濃市,みのし,19247,0
岐阜県,瑞浪市,みずなみし,37150,0
岐阜県,羽島市,はしまし,65649,0
岐阜県,恵那市,えなし,47774,0
岐阜県,（旧：恵那市）,,32082,0
岐阜県,（旧：岩村町）,,4672,0
岐阜県,（旧：山岡町）,,3773,0
岐阜県,（旧：明智町）,,4903,0
岐阜県,（旧：串原村）,,696,0
岐阜県,（旧：上矢作町）,,1648,0
岐阜県,美濃加茂市,みのかもし,56689,0
岐阜県,土岐市,ときし,55348,0
岐阜県,各務原市,かかみがはらし,144521,0
岐阜県,（旧：各務原市）,,132908,0
岐阜県,（旧：川島町）,,11613,0
岐阜県,可児市,かにし,99968,0
岐阜県,（旧：可児市）,,98743,0
岐阜県,（旧：兼山町）,,1225,0
岐阜県,山県市,やまがたし,25280,0
岐阜県,（旧：高富町）,,16355,0
岐阜県,（旧：伊自良村）,,3051,0
岐阜県,（旧：美山町）,,5874,0
岐阜県,瑞穂市,みずほし,56388,0
岐阜県,（旧：穂積町）,,42700,0
岐阜県,（旧：巣南町）,,13688,0
岐阜県,飛騨市,ひだし,22538,0
岐阜県,（旧：古川町）,,13681,0
岐阜県,（旧：河合村）,,848,0
岐阜県,（旧：宮川村）,,559,0
岐阜県,（旧：神岡町）,,7450,0
岐阜県,本巣市,もとすし,32928,0
岐阜県,（旧：本巣町）,,7143,0
岐阜県,（旧：真正町）,,13140,0
岐阜県,（旧：糸貫町）,,11460,0
岐阜県,（旧：根尾村）,,1185,0
岐阜県,郡上市,ぐじょうし,38997,0
岐阜県,（旧：八幡町）,,12532,0
岐阜県,（旧：大和町）,,6096,0
岐阜県,（旧：白鳥町）,,10431,0
岐阜県,（旧：高鷲村）,,2866,0
岐阜県,（旧：美並村）,,4090,0
岐阜県,（旧：明宝村）,,1446,0
岐阜県,（旧：和良村）,,1536,0
岐阜県,下呂市,げろし,30428,0
岐阜県,（旧：萩原町）,,9939,0
岐阜県,（旧：小坂町）,,2789,0
岐阜県,（旧：下呂町）,,11234,0
岐阜県,（旧：金山町）,,5415,0
岐阜県,（旧：馬瀬村）,,1051,0
岐阜県,海津市,かいづし,32735,0
岐阜県,（旧：海津町）,,12096,0
岐阜県,（旧：平田町）,,6676,0
岐阜県,（旧：南濃町）,,13963,0
岐阜県,岐南町,,25881,0
岐阜県,笠松町,,22208,0
岐阜県,養老町,,26882,0
岐阜県,垂井町,,26402,0
岐阜県,関ケ原町,,6610,0
岐阜県,神戸町,,18585,0
岐阜県,輪之内町,,9654,0
岐阜県,安八町,,14355,0
岐阜県,揖斐川町,,19529,0
岐阜県,（旧：揖斐川町）,,14872,0
岐阜県,（旧：谷汲村）,,2695,0
岐阜県,（旧：春日村）,,761,0
岐阜県,（旧：久瀬村）,,709,0
岐阜県,（旧：藤橋村）,,212,0
岐阜県,（旧：坂内村）,,280,0
岐阜県,大野町,,22041,0
岐阜県,池田町,,23360,0
岐阜県,北方町,,18139,0
岐阜県,坂祝町,,8071,0
岐阜県,富加町,,5626,0
岐阜県,川辺町,,9860,0
岐阜県,七宗町,,3402,0
岐阜県,八百津町,,10195,0
岐阜県,白川町,,7412,0
岐阜県,東白川村,,2016,0
岐阜県,御嵩町,,17516,0
岐阜県,白川村,,1511,0
静岡県,静岡市,,693389,0
静岡県,（旧：静岡市）,,462323,0
静岡県,（旧：清水市）,,213081,0
静岡県,（旧：蒲原町）,,10606,0
静岡県,（旧：由比町）,,7379,0
静岡県,静岡市葵区,しずおかしあおいく,249297,0
静岡県,静岡市駿河区,しずおかしするがく,213026,0
静岡県,静岡市清水区,しずおかししみずく,231066,0
静岡県,浜松市,,790718,0
静岡県,（旧：浜松市）,,593001,0
静岡県,（旧：天竜市）,,17815,0
静岡県,（旧：浜北市）,,98779,0
静岡県,（旧：春野町）,,3780,0
静岡県,（旧：龍山村）,,488,0
静岡県,（旧：佐久間町）,,2853,0
静岡県,（旧：水窪町）,,1790,0
静岡県,（旧：舞阪町）,,11120,0
静岡県,（旧：雄踏町）,,14836,0
静岡県,（旧：細江町）,,20360,0
静岡県,（旧：引佐町）,,12391,0
静岡県,（旧：三ケ日町）,,13505,0
静岡県,浜松市中区,,235240,0
静岡県,浜松市東区,,129356,0
静岡県,浜松市西区,,108160,0
静岡県,浜松市南区,,99769,0
静岡県,浜松市北区,,92688,0
静岡県,浜松市浜北区,,98779,0
静岡県,浜松市天竜区,はままつしてんりゅうく,26726,0
静岡県,沼津市,ぬまづし,189386,0
静岡県,（旧：沼津市）,,186939,0
静岡県,（旧：戸田村）,,2447,0
静岡県,熱海市,あたみし,34208,0
静岡県,三島市,みしまし,107783,0
静岡県,富士宮市,ふじのみやし,128105,0
静岡県,（旧：富士宮市）,,120193,0
静岡県,（旧：芝川町）,,7912,0
静岡県,伊東市,いとうし,65491,0
静岡県,島田市,しまだし,95719,0
静岡県,（旧：島田市）,,73349,0
静岡県,（旧：金谷町）,,18137,0
静岡県,（旧：川根町）,,4233,0
静岡県,富士市,ふじし,245392,0
静岡県,（旧：富士市）,,230641,0
静岡県,（旧：富士川町）,,14751,0
静岡県,磐田市,いわたし,166672,0
静岡県,（旧：磐田市）,,90352,0
静岡県,（旧：福田町）,,17141,0
静岡県,（旧：竜洋町）,,17987,0
静岡県,（旧：豊田町）,,30483,0
静岡県,（旧：豊岡村）,,10709,0
静岡県,焼津市,やいづし,136845,0
静岡県,（旧：焼津市）,,115758,0
静岡県,（旧：大井川町）,,21087,0
静岡県,掛川市,かけがわし,114954,0
静岡県,（旧：掛川市）,,85972,0
静岡県,（旧：大須賀町）,,10324,0
静岡県,（旧：大東町）,,18658,0
静岡県,藤枝市,ふじえだし,141342,0
静岡県,（旧：藤枝市）,,130860,0
静岡県,（旧：岡部町）,,10482,0
静岡県,御殿場市,ごてんばし,86614,0
静岡県,袋井市,ふくろいし,87864,0
静岡県,（旧：袋井市）,,69738,0
静岡県,（旧：浅羽町）,,18126,0
静岡県,下田市,しもだし,20183,0
静岡県,裾野市,すそのし,50911,0
静岡県,湖西市,こさいし,57885,0
静岡県,（旧：湖西市）,,42148,0
静岡県,（旧：新居町）,,15737,0
静岡県,伊豆市,いずし,28190,0
静岡県,（旧：修善寺町）,,13191,0
静岡県,（旧：土肥町）,,3056,0
静岡県,（旧：天城湯ケ島町）,,5506,0
静岡県,（旧：中伊豆町）,,6437,0
静岡県,御前崎市,おまえざきし,31103,0
静岡県,（旧：御前崎町）,,9448,0
静岡県,（旧：浜岡町）,,21655,0
静岡県,菊川市,きくがわし,47789,0
静岡県,（旧：小笠町）,,14642,0
静岡県,（旧：菊川町）,,33147,0
静岡県,伊豆の国市,いずのくにし,46804,0
静岡県,（旧：伊豆長岡町）,,13947,0
静岡県,（旧：韮山町）,,19014,0
静岡県,（旧：大仁町）,,13843,0
静岡県,牧之原市,まきのはらし,43502,0
静岡県,（旧：相良町）,,21204,0
静岡県,（旧：榛原町）,,22298,0
静岡県,東伊豆町,,11488,0
静岡県,河津町,,6870,0
静岡県,南伊豆町,,7877,0
静岡県,松崎町,,6038,0
静岡県,西伊豆町,,7090,0
静岡県,（旧：西伊豆町）,,4802,0
静岡県,（旧：賀茂村）,,2288,0
静岡県,函南町,,36794,0
静岡県,清水町,,31710,0
静岡県,長泉町,,43336,0
静岡県,小山町,,18568,0
静岡県,吉田町,,28919,0
静岡県,川根本町,,6206,0
静岡県,（旧：中川根町）,,4243,0
静岡県,（旧：本川根町）,,1963,0
静岡県,森町,,17457,0
愛知県,名古屋市,,2332176,0
愛知県,名古屋市千種区,なごやしちくさく,165245,0
愛知県,名古屋市東区,なごやしひがしく,84392,0
愛知県,名古屋市北区,なごやしきたく,162956,0
愛知県,名古屋市西区,なごやしにしく,151082,0
愛知県,名古屋市中村区,なごやしなかむらく,138599,0
愛知県,名古屋市中区,なごやしなかく,93100,0
愛知県,名古屋市昭和区,なごやししょうわく,107599,0
愛知県,名古屋市瑞穂区,なごやしみずほく,108332,0
愛知県,名古屋市熱田区,なごやしあつたく,66957,0
愛知県,名古屋市中川区,なごやしなかがわく,220728,0
愛知県,名古屋市港区,なごやしみなとく,143715,0
愛知県,名古屋市南区,なごやしみなみく,134510,0
愛知県,名古屋市守山区,なごやしもりやまく,176587,0
愛知県,名古屋市緑区,なごやしみどりく,248802,0
愛知県,名古屋市名東区,なごやしめいとうく,164755,0
愛知県,名古屋市天白区,なごやしてんぱくく,164817,0
愛知県,豊橋市,とよはしし,371920,0
愛知県,岡崎市,おかざきし,384654,0
愛知県,（旧：岡崎市）,,377123,0
愛知県,（旧：額田町）,,7531,0
愛知県,一宮市,いちのみやし,380073,0
愛知県,（旧：一宮市）,,288304,0
愛知県,（旧：尾西市）,,57865,0
愛知県,（旧：木曽川町）,,33904,0
愛知県,瀬戸市,せとし,127792,0
愛知県,半田市,はんだし,117884,0
愛知県,春日井市,かすがいし,308681,0
愛知県,豊川市,とよかわし,184661,0
愛知県,（旧：豊川市）,,124997,0
愛知県,（旧：音羽町）,,8685,0
愛知県,（旧：一宮町）,,16295,0
愛知県,（旧：小坂井町）,,21509,0
愛知県,（旧：御津町）,,13175,0
愛知県,津島市,つしまし,60942,0
愛知県,碧南市,へきなんし,72458,0
愛知県,刈谷市,かりやし,153834,0
愛知県,豊田市,とよたし,422330,0
愛知県,（旧：豊田市）,,384488,0
愛知県,（旧：藤岡町）,,18864,0
愛知県,（旧：小原村）,,3317,0
愛知県,（旧：足助町）,,7108,0
愛知県,（旧：下山村）,,3997,0
愛知県,（旧：旭町）,,2450,0
愛知県,（旧：稲武町）,,2106,0
愛知県,安城市,あんじょうし,187990,0
愛知県,西尾市,にしおし,169046,0
愛知県,（旧：西尾市）,,113523,0
愛知県,（旧：一色町）,,22671,0
愛知県,（旧：吉良町）,,21705,0
愛知県,（旧：幡豆町）,,11147,0
愛知県,蒲郡市,がまごおりし,79538,0
愛知県,犬山市,いぬやまし,73090,0
愛知県,常滑市,とこなめし,58710,0
愛知県,江南市,こうなんし,98255,0
愛知県,小牧市,こまきし,148831,0
愛知県,稲沢市,いなざわし,134751,0
愛知県,（旧：稲沢市）,,102052,0
愛知県,（旧：祖父江町）,,20387,0
愛知県,（旧：平和町）,,12312,0
愛知県,新城市,しんしろし,44355,0
愛知県,（旧：新城市）,,32200,0
愛知県,（旧：鳳来町）,,9916,0
愛知県,（旧：作手村）,,2239,0
愛知県,東海市,とうかいし,113787,0
愛知県,大府市,おおぶし,93123,0
愛知県,知多市,ちたし,84364,0
愛知県,知立市,ちりゅうし,72193,0
愛知県,尾張旭市,おわりあさひし,83144,0
愛知県,高浜市,たかはまし,46106,0
愛知県,岩倉市,いわくらし,47983,0
愛知県,豊明市,とよあけし,69295,0
愛知県,日進市,にっしんし,91520,0
愛知県,田原市,たはらし,59360,0
愛知県,（旧：田原町）,,36793,0
愛知県,（旧：赤羽根町）,,5091,0
愛知県,（旧：渥美町）,,17476,0
愛知県,愛西市,あいさいし,60829,0
愛知県,（旧：佐屋町）,,28230,0
愛知県,（旧：立田村）,,6920,0
愛知県,（旧：八開村）,,4314,0
愛知県,（旧：佐織町）,,21365,0
愛知県,清須市,きよすし,67352,0
愛知県,（旧：西枇杷島町）,,17602,0
愛知県,（旧：春日町）,,8530,0
愛知県,（旧：清洲町）,,23317,0
愛知県,（旧：新川町）,,17903,0
愛知県,北名古屋市,きたなごやし,86385,0
愛知県,（旧：師勝町）,,48079,0
愛知県,（旧：西春町）,,38306,0
愛知県,弥富市,やとみし,43025,0
愛知県,（旧：十四山村）,,5104,0
愛知県,（旧：弥富町）,,37921,0
愛知県,みよし市,みよしし,61952,0
愛知県,（旧：三好町）,,61952,0
愛知県,あま市,あまし,86126,0
愛知県,（旧：七宝町）,,21567,0
愛知県,（旧：美和町）,,23308,0
愛知県,（旧：甚目寺町）,,41251,0
愛知県,長久手市,ながくてし,60162,0
愛知県,（旧：長久手町）,,60162,0
愛知県,東郷町,,43903,0
愛知県,豊山町,,15613,0
愛知県,大口町,,24305,0
愛知県,扶桑町,,34133,0
愛知県,大治町,,32399,0
愛知県,蟹江町,,37338,0
愛知県,飛島村,,4575,0
愛知県,阿久比町,,28383,0
愛知県,東浦町,,49596,0
愛知県,南知多町,,16617,0
愛知県,美浜町,,22496,0
愛知県,武豊町,,43535,0
愛知県,幸田町,,42449,0
愛知県,設楽町,,4437,0
愛知県,（旧：設楽町）,,3426,0
愛知県,（旧：津具村）,,1011,0
愛知県,東栄町,,2942,0
愛知県,豊根村,,1017,0
愛知県,（旧：豊根村）,,955,0
愛知県,（旧：富山村）,,62,0
三重県,津市,つし,274537,0
三重県,（旧：津市）,,157279,0
三重県,（旧：久居市）,,44642,0
三重県,（旧：河芸町）,,18024,0
三重県,（旧：芸濃町）,,8479,0
三重県,（旧：美里村）,,3138,0
三重県,（旧：安濃町）,,10176,0
三重県,（旧：香良洲町）,,4306,0
三重県,（旧：一志町）,,14621,0
三重県,（旧：白山町）,,10232,0
三重県,（旧：美杉村）,,3640,0
三重県,四日市市,よっかいちし,305424,0
三重県,（旧：四日市市）,,295259,0
三重県,（旧：楠町）,,10165,0
三重県,伊勢市,いせし,122765,0
三重県,（旧：伊勢市）,,85157,0
三重県,（旧：二見町）,,8168,0
三重県,（旧：小俣町）,,20713,0
三重県,（旧：御薗村）,,8727,0
三重県,松阪市,まつさかし,159145,0
三重県,（旧：松阪市）,,117569,0
三重県,（旧：嬉野町）,,19127,0
三重県,（旧：三雲町）,,15107,0
三重県,（旧：飯南町）,,4211,0
三重県,（旧：飯高町）,,3131,0
三重県,桑名市,くわなし,138613,0
三重県,（旧：桑名市）,,113432,0
三重県,（旧：多度町）,,10665,0
三重県,（旧：長島町）,,14516,0
三重県,鈴鹿市,すずかし,195670,0
三重県,名張市,なばりし,76387,0
三重県,尾鷲市,おわせし,16252,0
三重県,亀山市,かめやまし,49835,0
三重県,（旧：亀山市）,,43469,0
三重県,（旧：関町）,,6366,0
三重県,鳥羽市,とばし,17525,0
三重県,熊野市,くまのし,15965,0
三重県,（旧：熊野市）,,14945,0
三重県,（旧：紀和町）,,1020,0
三重県,いなべ市,いなべし,44973,0
三重県,（旧：北勢町）,,13326,0
三重県,（旧：員弁町）,,9513,0
三重県,（旧：大安町）,,16417,0
三重県,（旧：藤原町）,,5717,0
三重県,志摩市,しまし,46057,0
三重県,（旧：浜島町）,,3718,0
三重県,（旧：大王町）,,5562,0
三重県,（旧：志摩町）,,9112,0
三重県,（旧：阿児町）,,20812,0
三重県,（旧：磯部町）,,6853,0
三重県,伊賀市,いがし,88766,0
三重県,（旧：上野市）,,57189,0
三重県,（旧：伊賀町）,,9436,0
三重県,（旧：島ヶ原村）,,1994,0
三重県,（旧：阿山町）,,6399,0
三重県,（旧：大山田村）,,4718,0
三重県,（旧：青山町）,,9030,0
三重県,木曽岬町,,6023,0
三重県,東員町,,25784,0
三重県,菰野町,,40559,0
三重県,朝日町,,11021,0
三重県,川越町,,15123,0
三重県,多気町,,14021,0
三重県,（旧：多気町）,,9669,0
三重県,（旧：勢和村）,,4352,0
三重県,明和町,,22445,0
三重県,大台町,,8668,0
三重県,（旧：大台町）,,5939,0
三重県,（旧：宮川村）,,2729,0
三重県,玉城町,,15041,0
三重県,度会町,,7847,0
三重県,大紀町,,7815,0
三重県,（旧：大宮町）,,3869,0
三重県,（旧：紀勢町）,,2734,0
三重県,（旧：大内山村）,,1212,0
三重県,南伊勢町,,10989,0
三重県,（旧：南勢町）,,6573,0
三重県,（旧：南島町）,,4416,0
三重県,紀北町,,14604,0
三重県,（旧：紀伊長島町）,,7413,0
三重県,（旧：海山町）,,7191,0
三重県,御浜町,,8079,0
三重県,紀宝町,,10321,0
三重県,（旧：紀宝町）,,6560,0
三重県,（旧：鵜殿村）,,3761,0
滋賀県,大津市,おおつし,345070,0
滋賀県,（旧：大津市）,,324071,0
滋賀県,（旧：志賀町）,,20999,0
滋賀県,彦根市,ひこねし,113647,0
滋賀県,長浜市,ながはまし,113636,0
滋賀県,（旧：長浜市）,,60255,0
滋賀県,（旧：浅井町）,,12237,0
滋賀県,（旧：虎姫町）,,4628,0
滋賀県,（旧：湖北町）,,8049,0
滋賀県,（旧：びわ町）,,6398,0
滋賀県,（旧：高月町）,,9227,0
滋賀県,（旧：木之本町）,,6387,0
滋賀県,（旧：余呉町）,,2790,0
滋賀県,（旧：西浅井町）,,3665,0
滋賀県,近江八幡市,おうみはちまんし,81122,0
滋賀県,（旧：近江八幡市）,,68929,0
滋賀県,（旧：安土町）,,12193,0
滋賀県,草津市,くさつし,143913,0
滋賀県,守山市,もりやまし,83236,0
滋賀県,栗東市,りっとうし,68820,0
滋賀県,（旧：栗東町）,,68820,0
滋賀県,甲賀市,こうかし,88358,0
滋賀県,（旧：水口町）,,40765,0
滋賀県,（旧：土山町）,,6920,0
滋賀県,（旧：甲賀町）,,9471,0
滋賀県,（旧：甲南町）,,20293,0
滋賀県,（旧：信楽町）,,10909,0
滋賀県,野洲市,やすし,50513,0
滋賀県,（旧：中主町）,,11090,0
滋賀県,（旧：野洲町）,,39423,0
滋賀県,湖南市,こなんし,54460,0
滋賀県,（旧：石部町）,,11833,0
滋賀県,（旧：甲西町）,,42627,0
滋賀県,高島市,たかしまし,46377,0
滋賀県,（旧：マキノ町）,,5230,0
滋賀県,（旧：今津町）,,11379,0
滋賀県,（旧：朽木村）,,1545,0
滋賀県,（旧：安曇川町）,,12109,0
滋賀県,（旧：高島町）,,5691,0
滋賀県,（旧：新旭町）,,10423,0
滋賀県,東近江市,ひがしおうみし,112819,0
滋賀県,（旧：八日市市）,,45981,0
滋賀県,（旧：蒲生町）,,14000,0
滋賀県,（旧：永源寺町）,,4913,0
滋賀県,（旧：五個荘町）,,12108,0
滋賀県,（旧：能登川町）,,22978,0
滋賀県,（旧：愛東町）,,4636,0
滋賀県,（旧：湖東町）,,8203,0
滋賀県,米原市,まいばらし,37225,0
滋賀県,（旧：山東町）,,11542,0
滋賀県,（旧：伊吹町）,,4877,0
滋賀県,（旧：米原町）,,10888,0
滋賀県,（旧：近江町）,,9918,0
滋賀県,日野町,,20964,0
滋賀県,竜王町,,11789,0
滋賀県,愛荘町,,20893,0
滋賀県,（旧：秦荘町）,,7663,0
滋賀県,（旧：愛知川町）,,13230,0
滋賀県,豊郷町,,7132,0
滋賀県,甲良町,,6362,0
滋賀県,多賀町,,7274,0
京都府,京都市,,1463723,0
京都府,（旧：京都市）,,1459227,0
京都府,京都市北区,きょうとしきたく,117165,0
京都府,京都市上京区,きょうとしかみぎょうく,83832,0
京都府,京都市左京区,きょうとしさきょうく,166039,0
京都府,京都市中京区,きょうとしなかぎょうく,110488,0
京都府,京都市東山区,きょうとしひがしやまく,36602,0
京都府,京都市下京区,きょうとししもぎょうく,82784,0
京都府,京都市南区,きょうとしみなみく,101970,0
京都府,京都市右京区,きょうとしうきょうく,202047,0
京都府,（旧：京都市右京区）,,197551,0
京都府,（旧：京北町）,,4496,0
京都府,京都市伏見区,きょうとしふしみく,277858,0
京都府,京都市山科区,きょうとしやましなく,135101,0
京都府,京都市西京区,きょうとしにしきょうく,149837,0
京都府,福知山市,ふくちやまし,77306,0
京都府,（旧：福知山市）,,67256,0
京都府,（旧：三和町）,,3048,0
京都府,（旧：夜久野町）,,3067,0
京都府,（旧：大江町）,,3935,0
京都府,舞鶴市,まいづるし,80336,0
京都府,綾部市,あやべし,31846,0
京都府,宇治市,うじし,179630,0
京都府,宮津市,みやづし,16758,0
京都府,亀岡市,かめおかし,86174,0
京都府,城陽市,じょうようし,74607,0
京都府,向日市,むこうし,56859,0
京都府,長岡京市,ながおかきょうし,80608,0
京都府,八幡市,やわたし,70433,0
京都府,京田辺市,きょうたなべし,73753,0
京都府,京丹後市,きょうたんごし,50860,0
京都府,（旧：峰山町）,,11337,0
京都府,（旧：大宮町）,,9575,0
京都府,（旧：網野町）,,11778,0
京都府,（旧：丹後町）,,4657,0
京都府,（旧：弥栄町）,,4671,0
京都府,（旧：久美浜町）,,8842,0
京都府,南丹市,なんたんし,31629,0
京都府,（旧：美山町）,,3383,0
京都府,（旧：園部町）,,16575,0
京都府,（旧：八木町）,,7067,0
京都府,（旧：日吉町）,,4604,0
京都府,木津川市,きづがわし,77907,0
京都府,（旧：山城町）,,7958,0
京都府,（旧：木津町）,,57253,0
京都府,（旧：加茂町）,,12696,0
京都府,大山崎町,,15953,0
京都府,久御山町,,15250,0
京都府,井手町,,7406,0
京都府,宇治田原町,,8911,0
京都府,笠置町,,1144,0
京都府,和束町,,3478,0
京都府,精華町,,36198,0
京都府,南山城村,,2391,0
京都府,京丹波町,,12907,0
京都府,（旧：丹波町）,,6583,0
京都府,（旧：瑞穂町）,,3714,0
京都府,（旧：和知町）,,2610,0
京都府,伊根町,,1928,0
京都府,与謝野町,,20092,0
京都府,（旧：加悦町）,,5932,0
京都府,（旧：岩滝町）,,5319,0
京都府,（旧：野田川町）,,8841,0
大阪府,大阪市,,2752412,0
大阪府,大阪市都島区,おおさかしみやこじまく,107904,0
大阪府,大阪市福島区,おおさかしふくしまく,79328,0
大阪府,大阪市此花区,おおさかしこのはなく,65251,0
大阪府,大阪市西区,おおさかしにしく,105862,0
大阪府,大阪市港区,おおさかしみなとく,80948,0
大阪府,大阪市大正区,おおさかしたいしょうく,62083,0
大阪府,大阪市天王寺区,おおさかしてんのうじく,82148,0
大阪府,大阪市浪速区,おおさかしなにわく,75504,0
大阪府,大阪市西淀川区,おおさかしにしよどがわく,95864,0
大阪府,大阪市東淀川区,おおさかしひがしよどがわく,177120,0
大阪府,大阪市東成区,おおさかしひがしなりく,84906,0
大阪府,大阪市生野区,おおさかしいくのく,127309,0
大阪府,大阪市旭区,おおさかしあさひく,89670,0
大阪府,大阪市城東区,おおさかしじょうとうく,169043,0
大阪府,大阪市阿倍野区,おおさかしあべのく,110995,0
大阪府,大阪市住吉区,おおさかしすみよしく,153056,0
大阪府,大阪市東住吉区,おおさかしひがしすみよしく,127849,0
大阪府,大阪市西成区,おおさかしにしなりく,106111,0
大阪府,大阪市淀川区,おおさかしよどがわく,183444,0
大阪府,大阪市鶴見区,おおさかしつるみく,112691,0
大阪府,大阪市住之江区,おおさかしすみのえく,120072,0
大阪府,大阪市平野区,おおさかしひらのく,192152,0
大阪府,大阪市北区,おおさかしきたく,139376,0
大阪府,大阪市中央区,おおさかしちゅうおうく,103726,0
大阪府,堺市,,826161,0
大阪府,（旧：堺市）,,788557,0
大阪府,（旧：美原町）,,37604,0
大阪府,堺市堺区,さかいしさかいく,148682,0
大阪府,堺市中区,さかいしなかく,121236,0
大阪府,堺市東区,さかいしひがしく,85043,0
大阪府,堺市西区,さかいしにしく,135375,0
大阪府,堺市南区,さかいしみなみく,138464,0
大阪府,堺市北区,さかいしきたく,159757,0
大阪府,堺市美原区,さかいしみはらく,37604,0
大阪府,岸和田市,きしわだし,190658,0
大阪府,豊中市,とよなかし,401558,0
大阪府,池田市,いけだし,104993,0
大阪府,吹田市,すいたし,385567,0
大阪府,泉大津市,いずみおおつし,74412,0
大阪府,高槻市,たかつきし,352698,0
大阪府,貝塚市,かいづかし,84443,0
大阪府,守口市,もりぐちし,143096,0
大阪府,枚方市,ひらかたし,397289,0
大阪府,茨木市,いばらきし,287730,0
大阪府,八尾市,やおし,264642,0
大阪府,泉佐野市,いずみさのし,100131,0
大阪府,富田林市,とんだばやしし,108699,0
大阪府,寝屋川市,ねやがわし,229733,0
大阪府,河内長野市,かわちながのし,101692,0
大阪府,松原市,まつばらし,117641,0
大阪府,大東市,だいとうし,119367,0
大阪府,和泉市,いずみし,184495,0
大阪府,箕面市,みのおし,136868,0
大阪府,柏原市,かしわらし,68775,0
大阪府,羽曳野市,はびきのし,108736,0
大阪府,門真市,かどまし,119764,0
大阪府,摂津市,せっつし,87456,0
大阪府,高石市,たかいしし,55635,0
大阪府,藤井寺市,ふじいでらし,63688,0
大阪府,東大阪市,ひがしおおさかし,493940,0
大阪府,泉南市,せんなんし,60102,0
大阪府,四條畷市,しじょうなわてし,55177,0
大阪府,交野市,かたのし,75033,0
大阪府,大阪狭山市,おおさかさやまし,58435,0
大阪府,阪南市,はんなんし,51254,0
大阪府,島本町,,30927,0
大阪府,豊能町,,18279,0
大阪府,能勢町,,9079,0
大阪府,忠岡町,,16567,0
大阪府,熊取町,,43763,0
大阪府,田尻町,,8434,0
大阪府,岬町,,14741,0
大阪府,太子町,,13009,0
大阪府,河南町,,15697,0
大阪府,千早赤阪村,,4909,0
兵庫県,神戸市,,1525152,0
兵庫県,神戸市東灘区,こうべしひがしなだく,213562,0
兵庫県,神戸市灘区,こうべしなだく,136747,0
兵庫県,神戸市兵庫区,こうべしひょうごく,109144,0
兵庫県,神戸市長田区,こうべしながたく,94791,0
兵庫県,神戸市須磨区,こうべしすまく,158719,0
兵庫県,神戸市垂水区,こうべしたるみく,215302,0
兵庫県,神戸市北区,こうべしきたく,210492,0
兵庫県,神戸市中央区,こうべしちゅうおうく,147518,0
兵庫県,神戸市西区,こうべしにしく,238877,0
兵庫県,姫路市,ひめじし,530495,0
兵庫県,（旧：姫路市）,,486958,0
兵庫県,（旧：家島町）,,4079,0
兵庫県,（旧：夢前町）,,16796,0
兵庫県,（旧：香寺町）,,18002,0
兵庫県,（旧：安富町）,,4660,0
兵庫県,尼崎市,あまがさきし,459593,0
兵庫県,明石市,あかしし,303601,0
兵庫県,西宮市,にしのみやし,485587,0
兵庫県,洲本市,すもとし,41236,0
兵庫県,（旧：洲本市）,,32634,0
兵庫県,（旧：五色町）,,8602,0
兵庫県,芦屋市,あしやし,93922,0
兵庫県,伊丹市,いたみし,198138,0
兵庫県,相生市,あいおいし,28355,0
兵庫県,豊岡市,とよおかし,77489,0
兵庫県,（旧：豊岡市）,,41827,0
兵庫県,（旧：城崎町）,,3125,0
兵庫県,（旧：竹野町）,,4115,0
兵庫県,（旧：日高町）,,15517,0
兵庫県,（旧：出石町）,,9160,0
兵庫県,（旧：但東町）,,3745,0
兵庫県,加古川市,かこがわし,260878,0
兵庫県,赤穂市,あこうし,45892,0
兵庫県,西脇市,にしわきし,38673,0
兵庫県,（旧：西脇市）,,32373,0
兵庫県,（旧：黒田庄町）,,6300,0
兵庫県,宝塚市,たからづかし,226432,0
兵庫県,三木市,みきし,75294,0
兵庫県,（旧：三木市）,,68422,0
兵庫県,（旧：吉川町）,,6872,0
兵庫県,高砂市,たかさごし,87722,0
兵庫県,川西市,かわにしし,152321,0
兵庫県,小野市,おのし,47562,0
兵庫県,三田市,さんだし,109238,0
兵庫県,加西市,かさいし,42700,0
兵庫県,丹波篠山市,たんばささやまし,39611,0
兵庫県,（旧：篠山市）,,39611,0
兵庫県,養父市,やぶし,22129,0
兵庫県,（旧：八鹿町）,,9388,0
兵庫県,（旧：養父町）,,6565,0
兵庫県,（旧：大屋町）,,3104,0
兵庫県,（旧：関宮町）,,3072,0
兵庫県,丹波市,たんばし,61471,0
兵庫県,（旧：柏原町）,,9731,0
兵庫県,（旧：氷上町）,,17246,0
兵庫県,（旧：青垣町）,,5446,0
兵庫県,（旧：春日町）,,10448,0
兵庫県,（旧：山南町）,,10429,0
兵庫県,（旧：市島町）,,8171,0
兵庫県,南あわじ市,みなみあわじし,44137,0
兵庫県,（旧：緑町）,,5495,0
兵庫県,（旧：西淡町）,,9088,0
兵庫県,（旧：三原町）,,14702,0
兵庫県,（旧：南淡町）,,14852,0
兵庫県,朝来市,あさごし,28989,0
兵庫県,（旧：生野町）,,3450,0
兵庫県,（旧：和田山町）,,14873,0
兵庫県,（旧：山東町）,,5221,0
兵庫県,（旧：朝来町）,,5445,0
兵庫県,淡路市,あわじし,41967,0
兵庫県,（旧：津名町）,,14280,0
兵庫県,（旧：淡路町）,,5035,0
兵庫県,（旧：北淡町）,,7163,0
兵庫県,（旧：一宮町）,,6889,0
兵庫県,（旧：東浦町）,,8600,0
兵庫県,宍粟市,しそうし,34819,0
兵庫県,（旧：山崎町）,,21877,0
兵庫県,（旧：一宮町）,,7213,0
兵庫県,（旧：波賀町）,,3237,0
兵庫県,（旧：千種町）,,2492,0
兵庫県,加東市,かとうし,40645,0
兵庫県,（旧：社町）,,20517,0
兵庫県,（旧：滝野町）,,12601,0
兵庫県,（旧：東条町）,,7527,0
兵庫県,たつの市,たつのし,74316,0
兵庫県,（旧：龍野市）,,39048,0
兵庫県,（旧：新宮町）,,13554,0
兵庫県,（旧：揖保川町）,,11774,0
兵庫県,（旧：御津町）,,9940,0
兵庫県,猪名川町,,29680,0
兵庫県,多可町,,19261,0
兵庫県,（旧：中町）,,9059,0
兵庫県,（旧：加美町）,,5530,0
兵庫県,（旧：八千代町）,,4672,0
兵庫県,稲美町,,30268,0
兵庫県,播磨町,,33604,0
兵庫県,市川町,,11231,0
兵庫県,福崎町,,19377,0
兵庫県,神河町,,10616,0
兵庫県,（旧：神崎町）,,6615,0
兵庫県,（旧：大河内町）,,4001,0
兵庫県,太子町,,33477,0
兵庫県,上郡町,,13879,0
兵庫県,佐用町,,15863,0
兵庫県,（旧：佐用町）,,6435,0
兵庫県,（旧：上月町）,,3634,0
兵庫県,（旧：南光町）,,3344,0
兵庫県,（旧：三日月町）,,2450,0
兵庫県,香美町,,16064,0
兵庫県,（旧：香住町）,,10088,0
兵庫県,（旧：村岡町）,,4266,0
兵庫県,（旧：美方町）,,1710,0
兵庫県,新温泉町,,13318,0
兵庫県,（旧：浜坂町）,,8342,0
兵庫県,（旧：温泉町）,,4976,0
奈良県,奈良市,ならし,354630,0
奈良県,（旧：奈良市）,,348250,0
奈良県,（旧：月ケ瀬村）,,1286,0
奈良県,（旧：都祁村）,,5094,0
奈良県,大和高田市,やまとたかだし,61744,0
奈良県,大和郡山市,やまとこおりやまし,83285,0
奈良県,天理市,てんりし,63889,0
奈良県,橿原市,かしはらし,120922,0
奈良県,桜井市,さくらいし,54857,0
奈良県,五條市,ごじょうし,27927,0
奈良県,（旧：五條市）,,25629,0
奈良県,（旧：西吉野村）,,2108,0
奈良県,（旧：大塔村）,,190,0
奈良県,御所市,ごせし,24096,0
奈良県,生駒市,いこまし,116675,0
奈良県,香芝市,かしばし,78113,0
奈良県,葛城市,かつらぎし,36832,0
奈良県,（旧：新庄町）,,20892,0
奈良県,（旧：當麻町）,,15940,0
奈良県,宇陀市,うだし,28121,0
奈良県,（旧：大宇陀町）,,5823,0
奈良県,（旧：菟田野町）,,3276,0
奈良県,（旧：榛原町）,,15090,0
奈良県,（旧：室生村）,,3932,0
奈良県,山添村,,3226,0
奈良県,平群町,,18009,0
奈良県,三郷町,,23219,0
奈良県,斑鳩町,,27587,0
奈良県,安堵町,,7225,0
奈良県,川西町,,8167,0
奈良県,三宅町,,6439,0
奈良県,田原本町,,31177,0
奈良県,曽爾村,,1295,0
奈良県,御杖村,,1479,0
奈良県,高取町,,6729,0
奈良県,明日香村,,5179,0
奈良県,上牧町,,21714,0
奈良県,王寺町,,24043,0
奈良県,広陵町,,33810,0
奈良県,河合町,,17018,0
奈良県,吉野町,,6229,0
奈良県,大淀町,,16728,0
奈良県,下市町,,5037,0
奈良県,黒滝村,,623,0
奈良県,天川村,,1176,0
奈良県,野迫川村,,357,0
奈良県,十津川村,,3061,0
奈良県,下北山村,,753,0
奈良県,上北山村,,444,0
奈良県,川上村,,1156,0
奈良県,東吉野村,,1502,0
和歌山県,和歌山市,わかやまし,356729,0
和歌山県,海南市,かいなんし,48369,0
和歌山県,（旧：海南市）,,37863,0
和歌山県,（旧：下津町）,,10506,0
和歌山県,橋本市,はしもとし,60818,0
和歌山県,（旧：橋本市）,,48518,0
和歌山県,（旧：高野口町）,,12300,0
和歌山県,有田市,ありだし,26538,0
和歌山県,御坊市,ごぼうし,23481,0
和歌山県,田辺市,たなべし,69870,0
和歌山県,（旧：田辺市）,,59873,0
和歌山県,（旧：龍神村）,,2751,0
和歌山県,（旧：中辺路町）,,2420,0
和歌山県,（旧：大塔村）,,2378,0
和歌山県,（旧：本宮町）,,2448,0
和歌山県,新宮市,しんぐうし,27171,0
和歌山県,（旧：新宮市）,,26044,0
和歌山県,（旧：熊野川町）,,1127,0
和歌山県,紀の川市,きのかわし,58816,0
和歌山県,（旧：打田町）,,15531,0
和歌山県,（旧：粉河町）,,11723,0
和歌山県,（旧：那賀町）,,6450,0
和歌山県,（旧：桃山町）,,6591,0
和歌山県,（旧：貴志川町）,,18521,0
和歌山県,岩出市,いわでし,53967,0
和歌山県,（旧：岩出町）,,53967,0
和歌山県,紀美野町,,8256,0
和歌山県,（旧：野上町）,,5795,0
和歌山県,（旧：美里町）,,2461,0
和歌山県,かつらぎ町,,15967,0
和歌山県,（旧：かつらぎ町）,,15721,0
和歌山県,（旧：花園村）,,246,0
和歌山県,九度山町,,3856,0
和歌山県,高野町,,2970,0
和歌山県,湯浅町,,11122,0
和歌山県,広川町,,6781,0
和歌山県,有田川町,,25258,0
和歌山県,（旧：吉備町）,,16199,0
和歌山県,（旧：金屋町）,,6530,0
和歌山県,（旧：清水町）,,2529,0
和歌山県,美浜町,,6867,0
和歌山県,日高町,,7673,0
和歌山県,由良町,,5364,0
和歌山県,印南町,,7720,0
和歌山県,みなべ町,,11818,0
和歌山県,（旧：南部川村）,,4949,0
和歌山県,（旧：南部町）,,6869,0
和歌山県,日高川町,,9219,0
和歌山県,（旧：川辺町）,,6145,0
和歌山県,（旧：中津村）,,1723,0
和歌山県,（旧：美山村）,,1351,0
和歌山県,白浜町,,20262,0
和歌山県,（旧：白浜町）,,17337,0
和歌山県,（旧：日置川町）,,2925,0
和歌山県,上富田町,,15236,0
和歌山県,すさみ町,,3685,0
和歌山県,那智勝浦町,,14137,0
和歌山県,太地町,,2791,0
和歌山県,古座川町,,2480,0
和歌山県,北山村,,404,0
和歌山県,串本町,,14959,0
和歌山県,（旧：串本町）,,11142,0
和歌山県,（旧：古座町）,,3817,0
鳥取県,鳥取市,とっとりし,188465,0
鳥取県,（旧：鳥取市）,,149312,0
鳥取県,（旧：国府町）,,8219,0
鳥取県,（旧：福部村）,,2727,0
鳥取県,（旧：河原町）,,6372,0
鳥取県,（旧：用瀬町）,,3195,0
鳥取県,（旧：佐治村）,,1624,0
鳥取県,（旧：気高町）,,8037,0
鳥取県,（旧：鹿野町）,,3618,0
鳥取県,（旧：青谷町）,,5361,0
鳥取県,米子市,よなごし,147317,0
鳥取県,（旧：米子市）,,137760,0
鳥取県,（旧：淀江町）,,9557,0
鳥取県,倉吉市,くらよしし,46485,0
鳥取県,（旧：倉吉市）,,43309,0
鳥取県,（旧：関金町）,,3176,0
鳥取県,境港市,さかいみなとし,32740,0
鳥取県,岩美町,,10799,0
鳥取県,若桜町,,2864,0
鳥取県,智頭町,,6427,0
鳥取県,八頭町,,15937,0
鳥取県,（旧：郡家町）,,8967,0
鳥取県,（旧：船岡町）,,3321,0
鳥取県,（旧：八東町）,,3649,0
鳥取県,三朝町,,6060,0
鳥取県,湯梨浜町,,16055,0
鳥取県,（旧：羽合町）,,8476,0
鳥取県,（旧：泊村）,,2281,0
鳥取県,（旧：東郷町）,,5298,0
鳥取県,琴浦町,,16365,0
鳥取県,（旧：東伯町）,,10001,0
鳥取県,（旧：赤碕町）,,6364,0
鳥取県,北栄町,,14228,0
鳥取県,（旧：北条町）,,7079,0
鳥取県,（旧：大栄町）,,7149,0
鳥取県,日吉津村,,3501,0
鳥取県,大山町,,15370,0
鳥取県,（旧：大山町）,,5566,0
鳥取県,（旧：名和町）,,5826,0
鳥取県,（旧：中山町）,,3978,0
鳥取県,南部町,,10323,0
鳥取県,（旧：西伯町）,,7017,0
鳥取県,（旧：会見町）,,3306,0
鳥取県,伯耆町,,10696,0
鳥取県,（旧：岸本町）,,6968,0
鳥取県,（旧：溝口町）,,3728,0
鳥取県,日南町,,4196,0
鳥取県,日野町,,2907,0
鳥取県,江府町,,2672,0
島根県,松江市,まつえし,203616,0
島根県,（旧：松江市）,,148631,0
島根県,（旧：鹿島町）,,6056,0
島根県,（旧：島根町）,,3079,0
島根県,（旧：美保関町）,,4566,0
島根県,（旧：東出雲町）,,15578,0
島根県,（旧：八雲村）,,6516,0
島根県,（旧：玉湯町）,,7015,0
島根県,（旧：宍道町）,,8382,0
島根県,（旧：八束町）,,3793,0
島根県,浜田市,はまだし,54592,0
島根県,（旧：浜田市）,,39370,0
島根県,（旧：金城町）,,4088,0
島根県,（旧：旭町）,,3510,0
島根県,（旧：弥栄村）,,1168,0
島根県,（旧：三隅町）,,6456,0
島根県,出雲市,いずもし,172775,0
島根県,（旧：出雲市）,,94985,0
島根県,（旧：平田市）,,23625,0
島根県,（旧：斐川町）,,29042,0
島根県,（旧：佐田町）,,2988,0
島根県,（旧：多伎町）,,3202,0
島根県,（旧：湖陵町）,,5017,0
島根県,（旧：大社町）,,13916,0
島根県,益田市,ますだし,45003,0
島根県,（旧：益田市）,,42367,0
島根県,（旧：美都町）,,1699,0
島根県,（旧：匹見町）,,937,0
島根県,大田市,おおだし,32846,0
島根県,（旧：大田市）,,26804,0
島根県,（旧：温泉津町）,,2495,0
島根県,（旧：仁摩町）,,3547,0
島根県,安来市,やすぎし,37062,0
島根県,（旧：安来市）,,26406,0
島根県,（旧：広瀬町）,,6469,0
島根県,（旧：伯太町）,,4187,0
島根県,江津市,ごうつし,22959,0
島根県,（旧：江津市）,,20637,0
島根県,（旧：桜江町）,,2322,0
島根県,雲南市,うんなんし,36007,0
島根県,（旧：大東町）,,11432,0
島根県,（旧：加茂町）,,5598,0
島根県,（旧：木次町）,,8174,0
島根県,（旧：三刀屋町）,,6746,0
島根県,（旧：吉田村）,,1511,0
島根県,（旧：掛合町）,,2546,0
島根県,奥出雲町,,11849,0
島根県,（旧：仁多町）,,6335,0
島根県,（旧：横田町）,,5514,0
島根県,飯南町,,4577,0
島根県,（旧：頓原町）,,2017,0
島根県,（旧：赤来町）,,2560,0
島根県,川本町,,3248,0
島根県,美郷町,,4355,0
島根県,（旧：邑智町）,,3023,0
島根県,（旧：大和村）,,1332,0
島根県,邑南町,,10163,0
島根県,（旧：羽須美村）,,1232,0
島根県,（旧：瑞穂町）,,3959,0
島根県,（旧：石見町）,,4972,0
島根県,津和野町,,6875,0
島根県,（旧：津和野町）,,3880,0
島根県,（旧：日原町）,,2995,0
島根県,吉賀町,,6077,0
島根県,（旧：柿木村）,,1352,0
島根県,（旧：六日市町）,,4725,0
島根県,海士町,,2267,0
島根県,西ノ島町,,2788,0
島根県,知夫村,,634,0
島根県,隠岐の島町,,13433,0
島根県,（旧：西郷町）,,10025,0
島根県,（旧：布施村）,,308,0
島根県,（旧：五箇村）,,1604,0
島根県,（旧：都万村）,,1496,0
岡山県,岡山市,,724691,0
岡山県,（旧：岡山市）,,679952,0
岡山県,（旧：御津町）,,8848,0
岡山県,（旧：建部町）,,5226,0
岡山県,（旧：瀬戸町）,,15627,0
岡山県,（旧：灘崎町）,,15038,0
岡山県,岡山市北区,おかやましきたく,314523,0
岡山県,岡山市中区,おかやましなかく,149232,0
岡山県,岡山市東区,おかやましひがしく,93108,0
岡山県,岡山市南区,おかやましみなみく,167828,0
岡山県,倉敷市,くらしきし,474592,0
岡山県,（旧：倉敷市）,,448177,0
岡山県,（旧：船穂町）,,7608,0
岡山県,（旧：真備町）,,18807,0
岡山県,津山市,つやまし,99937,0
岡山県,（旧：津山市）,,83903,0
岡山県,（旧：加茂町）,,3701,0
岡山県,（旧：阿波村）,,417,0
岡山県,（旧：勝北町）,,5855,0
岡山県,（旧：久米町）,,6061,0
岡山県,玉野市,たまのし,56531,0
岡山県,笠岡市,かさおかし,46088,0
岡山県,井原市,いばらし,38384,0
岡山県,（旧：井原市）,,30627,0
岡山県,（旧：美星町）,,3710,0
岡山県,（旧：芳井町）,,4047,0
岡山県,総社市,そうじゃし,69030,0
岡山県,（旧：総社市）,,57948,0
岡山県,（旧：山手村）,,5157,0
岡山県,（旧：清音村）,,5925,0
岡山県,高梁市,たかはしし,29072,0
岡山県,（旧：高梁市）,,19016,0
岡山県,（旧：有漢町）,,1966,0
岡山県,（旧：成羽町）,,4071,0
岡山県,（旧：川上町）,,2426,0
岡山県,（旧：備中町）,,1593,0
岡山県,新見市,にいみし,28079,0
岡山県,（旧：新見市）,,18697,0
岡山県,（旧：大佐町）,,2673,0
岡山県,（旧：神郷町）,,1631,0
岡山県,（旧：哲多町）,,2845,0
岡山県,（旧：哲西町）,,2233,0
岡山県,備前市,びぜんし,32320,0
岡山県,（旧：備前市）,,22017,0
岡山県,（旧：日生町）,,6214,0
岡山県,（旧：吉永町）,,4089,0
岡山県,瀬戸内市,せとうちし,36048,0
岡山県,（旧：牛窓町）,,5663,0
岡山県,（旧：邑久町）,,18140,0
岡山県,（旧：長船町）,,12245,0
岡山県,赤磐市,あかいわし,42661,0
岡山県,（旧：山陽町）,,24175,0
岡山県,（旧：赤坂町）,,3930,0
岡山県,（旧：熊山町）,,11162,0
岡山県,（旧：吉井町）,,3394,0
岡山県,真庭市,まにわし,42725,0
岡山県,（旧：北房町）,,4606,0
岡山県,（旧：勝山町）,,6669,0
岡山県,（旧：落合町）,,13164,0
岡山県,（旧：湯原町）,,2317,0
岡山県,（旧：久世町）,,10233,0
岡山県,（旧：美甘村）,,1048,0
岡山県,（旧：川上村）,,1770,0
岡山県,（旧：八束村）,,2390,0
岡山県,（旧：中和村）,,528,0
岡山県,美作市,みまさかし,25939,0
岡山県,（旧：勝田町）,,2526,0
岡山県,（旧：大原町）,,3324,0
岡山県,（旧：東粟倉村）,,905,0
岡山県,（旧：美作町）,,11330,0
岡山県,（旧：作東町）,,5322,0
岡山県,（旧：英田町）,,2532,0
岡山県,浅口市,あさくちし,32772,0
岡山県,（旧：金光町）,,11370,0
岡山県,（旧：鴨方町）,,16710,0
岡山県,（旧：寄島町）,,4692,0
岡山県,和気町,,13623,0
岡山県,（旧：佐伯町）,,2933,0
岡山県,（旧：和気町）,,10690,0
岡山県,早島町,,12368,0
岡山県,里庄町,,10950,0
岡山県,矢掛町,,13414,0
岡山県,新庄村,,813,0
岡山県,鏡野町,,12062,0
岡山県,（旧：富村）,,509,0
岡山県,（旧：奥津町）,,1169,0
岡山県,（旧：上齋原村）,,496,0
岡山県,（旧：鏡野町）,,9888,0
岡山県,勝央町,,10888,0
岡山県,奈義町,,5578,0
岡山県,西粟倉村,,1398,0
岡山県,久米南町,,4530,0
岡山県,美咲町,,13053,0
岡山県,（旧：中央町）,,6026,0
岡山県,（旧：旭町）,,2112,0
岡山県,（旧：柵原町）,,4915,0
岡山県,吉備中央町,,10886,0
岡山県,（旧：加茂川町）,,4403,0
岡山県,（旧：賀陽町）,,6483,0
広島県,広島市,,1200754,0
広島県,（旧：広島市）,,1195501,0
広島県,広島市中区,ひろしましなかく,142699,0
広島県,広島市東区,ひろしましひがしく,119353,0
広島県,広島市南区,ひろしましみなみく,145805,0
広島県,広島市西区,ひろしましにしく,190232,0
広島県,広島市安佐南区,ひろしましあさみなみく,247020,0
広島県,広島市安佐北区,ひろしましあさきたく,138979,0
広島県,広島市安芸区,ひろしましあきく,77103,0
広島県,広島市佐伯区,ひろしましさえきく,139563,0
広島県,（旧：広島市佐伯区）,,134310,0
広島県,（旧：湯来町）,,5253,0
広島県,呉市,くれし,214592,0
広島県,（旧：呉市）,,176211,0
広島県,（旧：音戸町）,,10616,0
広島県,（旧：倉橋町）,,4676,0
広島県,（旧：下蒲刈町）,,1288,0
広島県,（旧：蒲刈町）,,1423,0
広島県,（旧：安浦町）,,9885,0
広島県,（旧：川尻町）,,7796,0
広島県,（旧：豊浜町）,,1172,0
広島県,（旧：豊町）,,1525,0
広島県,竹原市,たけはらし,23993,0
広島県,三原市,みはらし,90573,0
広島県,（旧：三原市）,,71052,0
広島県,（旧：大和町）,,5123,0
広島県,（旧：本郷町）,,10451,0
広島県,（旧：久井町）,,3947,0
広島県,尾道市,おのみちし,131170,0
広島県,（旧：尾道市）,,82354,0
広島県,（旧：因島市）,,21714,0
広島県,（旧：瀬戸田町）,,7587,0
広島県,（旧：御調町）,,6426,0
広島県,（旧：向島町）,,13089,0
広島県,福山市,ふくやまし,460930,0
広島県,（旧：福山市）,,385138,0
広島県,（旧：内海町）,,2248,0
広島県,（旧：沼隈町）,,10485,0
広島県,（旧：神辺町）,,44039,0
広島県,（旧：新市町）,,19020,0
広島県,府中市,ふちゅうし,37655,0
広島県,（旧：府中市）,,33410,0
広島県,（旧：上下町）,,4245,0
広島県,三次市,みよしし,50681,0
広島県,（旧：三次市）,,35775,0
広島県,（旧：甲奴町）,,2224,0
広島県,（旧：君田村）,,1397,0
広島県,（旧：布野村）,,1296,0
広島県,（旧：作木村）,,1174,0
広島県,（旧：吉舎町）,,3319,0
広島県,（旧：三良坂町）,,2954,0
広島県,（旧：三和町）,,2542,0
広島県,庄原市,しょうばらし,33633,0
広島県,（旧：庄原市）,,17773,0
広島県,（旧：総領町）,,1253,0
広島県,（旧：西城町）,,3052,0
広島県,（旧：東城町）,,6999,0
広島県,（旧：口和町）,,1815,0
広島県,（旧：高野町）,,1535,0
広島県,（旧：比和町）,,1206,0
広島県,大竹市,おおたけし,26319,0
広島県,東広島市,ひがしひろしまし,196608,0
広島県,（旧：東広島市）,,154102,0
広島県,（旧：黒瀬町）,,23255,0
広島県,（旧：福富町）,,2171,0
広島県,（旧：豊栄町）,,2811,0
広島県,（旧：河内町）,,5496,0
広島県,（旧：安芸津町）,,8773,0
広島県,廿日市市,はつかいちし,114173,0
広島県,（旧：廿日市市）,,74654,0
広島県,（旧：大野町）,,28577,0
広島県,（旧：佐伯町）,,8960,0
広島県,（旧：吉和村）,,529,0
広島県,（旧：宮島町）,,1453,0
広島県,安芸高田市,あきたかたし,26448,0
広島県,（旧：吉田町）,,9686,0
広島県,（旧：八千代町）,,3688,0
広島県,（旧：美土里町）,,2337,0
広島県,（旧：高宮町）,,2857,0
広島県,（旧：甲田町）,,4454,0
広島県,（旧：向原町）,,3426,0
広島県,江田島市,えたじまし,21930,0
広島県,（旧：江田島町）,,8494,0
広島県,（旧：能美町）,,4560,0
広島県,（旧：沖美町）,,2763,0
広島県,（旧：大柿町）,,6113,0
広島県,府中町,,51155,0
広島県,海田町,,29636,0
広島県,熊野町,,22834,0
広島県,坂町,,12582,0
広島県,安芸太田町,,5740,0
広島県,（旧：加計町）,,2926,0
広島県,（旧：筒賀村）,,814,0
広島県,（旧：戸河内町）,,2000,0
広島県,北広島町,,17763,0
広島県,（旧：芸北町）,,1936,0
広島県,（旧：大朝町）,,2716,0
広島県,（旧：千代田町）,,10068,0
広島県,（旧：豊平町）,,3043,0
広島県,大崎上島町,,7158,0
広島県,（旧：大崎町）,,3446,0
広島県,（旧：東野町）,,2162,0
広島県,（旧：木江町）,,1550,0
広島県,世羅町,,15125,0
広島県,（旧：甲山町）,,5335,0
広島県,（旧：世羅町）,,6901,0
広島県,（旧：世羅西町）,,2889,0
広島県,神石高原町,,8250,0
広島県,（旧：油木町）,,1985,0
広島県,（旧：神石町）,,1693,0
広島県,（旧：豊松村）,,1073,0
広島県,（旧：三和町）,,3499,0
山口県,下関市,しものせきし,255051,0
山口県,（旧：下関市）,,219078,0
山口県,（旧：菊川町）,,7231,0
山口県,（旧：豊田町）,,4620,0
山口県,（旧：豊浦町）,,16232,0
山口県,（旧：豊北町）,,7890,0
山口県,宇部市,うべし,162570,0
山口県,（旧：宇部市）,,157021,0
山口県,（旧：楠町）,,5549,0
山口県,山口市,やまぐちし,193966,0
山口県,（旧：山口市）,,142214,0
山口県,（旧：徳地町）,,5196,0
山口県,（旧：秋穂町）,,6113,0
山口県,（旧：小郡町）,,26344,0
山口県,（旧：阿知須町）,,9233,0
山口県,（旧：阿東町）,,4866,0
山口県,萩市,はぎし,44626,0
山口県,（旧：萩市）,,35131,0
山口県,（旧：川上村）,,759,0
山口県,（旧：田万川町）,,2383,0
山口県,（旧：むつみ村）,,1241,0
山口県,（旧：須佐町）,,2232,0
山口県,（旧：旭村）,,1382,0
山口県,（旧：福栄村）,,1498,0
山口県,防府市,ほうふし,113979,0
山口県,下松市,くだまつし,55887,0
山口県,岩国市,いわくにし,129125,0
山口県,（旧：岩国市）,,91232,0
山口県,（旧：由宇町）,,8354,0
山口県,（旧：玖珂町）,,10494,0
山口県,（旧：本郷村）,,725,0
山口県,（旧：周東町）,,11539,0
山口県,（旧：錦町）,,2409,0
山口県,（旧：美川町）,,833,0
山口県,（旧：美和町）,,3539,0
山口県,光市,ひかりし,49798,0
山口県,（旧：光市）,,43178,0
山口県,（旧：大和町）,,6620,0
山口県,長門市,ながとし,32519,0
山口県,（旧：長門市）,,18579,0
山口県,（旧：三隅町）,,5094,0
山口県,（旧：日置町）,,3774,0
山口県,（旧：油谷町）,,5072,0
山口県,柳井市,やないし,30799,0
山口県,（旧：柳井市）,,28201,0
山口県,（旧：大畠町）,,2598,0
山口県,美祢市,みねし,23247,0
山口県,（旧：美祢市）,,14478,0
山口県,（旧：美東町）,,4617,0
山口県,（旧：秋芳町）,,4152,0
山口県,周南市,しゅうなんし,137540,0
山口県,（旧：徳山市）,,91047,0
山口県,（旧：新南陽市）,,29135,0
山口県,（旧：熊毛町）,,14474,0
山口県,（旧：鹿野町）,,2884,0
山口県,山陽小野田市,さんようおのだし,60326,0
山口県,（旧：小野田市）,,40840,0
山口県,（旧：山陽町）,,19486,0
山口県,周防大島町,,14798,0
山口県,（旧：久賀町）,,2967,0
山口県,（旧：大島町）,,5126,0
山口県,（旧：東和町）,,2994,0
山口県,（旧：橘町）,,3711,0
山口県,和木町,,6034,0
山口県,上関町,,2342,0
山口県,田布施町,,14483,0
山口県,平生町,,11914,0
山口県,阿武町,,3055,0
徳島県,徳島市,とくしまし,252391,0
徳島県,鳴門市,なるとし,54622,0
徳島県,小松島市,こまつしまし,36149,0
徳島県,阿南市,あなんし,69470,0
徳島県,（旧：阿南市）,,46343,0
徳島県,（旧：那賀川町）,,10227,0
徳島県,（旧：羽ノ浦町）,,12900,0
徳島県,吉野川市,よしのがわし,38772,0
徳島県,（旧：鴨島町）,,22142,0
徳島県,（旧：川島町）,,6863,0
徳島県,（旧：山川町）,,8955,0
徳島県,（旧：美郷村）,,812,0
徳島県,阿波市,あわし,34713,0
徳島県,（旧：吉野町）,,6986,0
徳島県,（旧：土成町）,,7458,0
徳島県,（旧：市場町）,,9325,0
徳島県,（旧：阿波町）,,10944,0
徳島県,美馬市,みまし,28055,0
徳島県,（旧：脇町）,,15259,0
徳島県,（旧：美馬町）,,7074,0
徳島県,（旧：穴吹町）,,5280,0
徳島県,（旧：木屋平村）,,442,0
徳島県,三好市,みよしし,23605,0
徳島県,（旧：三野町）,,4027,0
徳島県,（旧：池田町）,,11441,0
徳島県,（旧：山城町）,,2987,0
徳島県,（旧：井川町）,,3265,0
徳島県,（旧：東祖谷山村）,,1020,0
徳島県,（旧：西祖谷山村）,,865,0
徳島県,勝浦町,,4837,0
徳島県,上勝町,,1380,0
徳島県,佐那河内村,,2058,0
徳島県,石井町,,24833,0
徳島県,神山町,,4647,0
徳島県,那賀町,,7367,0
徳島県,（旧：鷲敷町）,,2638,0
徳島県,（旧：相生町）,,2198,0
徳島県,（旧：上那賀町）,,1187,0
徳島県,（旧：木沢村）,,404,0
徳島県,（旧：木頭村）,,940,0
徳島県,牟岐町,,3743,0
徳島県,美波町,,6222,0
徳島県,（旧：由岐町）,,2079,0
徳島県,（旧：日和佐町）,,4143,0
徳島県,海陽町,,8358,0
徳島県,（旧：海南町）,,4207,0
徳島県,（旧：海部町）,,1721,0
徳島県,（旧：宍喰町）,,2430,0
徳島県,松茂町,,14583,0
徳島県,北島町,,22745,0
徳島県,藍住町,,35246,0
徳島県,板野町,,13042,0
徳島県,上板町,,11384,0
徳島県,つるぎ町,,7715,0
徳島県,（旧：半田町）,,3309,0
徳島県,（旧：貞光町）,,3894,0
徳島県,（旧：一宇村）,,512,0
徳島県,東みよし町,,13622,0
徳島県,（旧：三好町）,,5286,0
徳島県,（旧：三加茂町）,,8336,0
香川県,高松市,たかまつし,417496,0
香川県,（旧：高松市）,,341271,0
香川県,（旧：牟礼町）,,16544,0
香川県,（旧：庵治町）,,4592,0
香川県,（旧：塩江町）,,2202,0
香川県,（旧：香川町）,,21965,0
香川県,（旧：香南町）,,7134,0
香川県,（旧：国分寺町）,,23788,0
香川県,丸亀市,まるがめし,109513,0
香川県,（旧：丸亀市）,,82329,0
香川県,（旧：綾歌町）,,10553,0
香川県,（旧：飯山町）,,16631,0
香川県,坂出市,さかいでし,50624,0
香川県,善通寺市,ぜんつうじし,31631,0
香川県,観音寺市,かんおんじし,57438,0
香川県,（旧：観音寺市）,,39438,0
香川県,（旧：大野原町）,,10825,0
香川県,（旧：豊浜町）,,7175,0
香川県,さぬき市,さぬきし,47003,0
香川県,（旧：津田町）,,5721,0
香川県,（旧：大川町）,,5148,0
香川県,（旧：志度町）,,18983,0
香川県,（旧：寒川町）,,5197,0
香川県,（旧：長尾町）,,11954,0
香川県,東かがわ市,ひがしかがわし,28279,0
香川県,（旧：引田町）,,6012,0
香川県,（旧：白鳥町）,,9638,0
香川県,（旧：大内町）,,12629,0
香川県,三豊市,みとよし,61857,0
香川県,（旧：高瀬町）,,14628,0
香川県,（旧：山本町）,,6295,0
香川県,（旧：三野町）,,8803,0
香川県,（旧：豊中町）,,10752,0
香川県,（旧：詫間町）,,12471,0
香川県,（旧：仁尾町）,,5392,0
香川県,（旧：財田町）,,3516,0
香川県,土庄町,,12846,0
香川県,小豆島町,,13870,0
香川県,（旧：内海町）,,9393,0
香川県,（旧：池田町）,,4477,0
香川県,三木町,,26878,0
香川県,直島町,,3103,0
香川県,宇多津町,,18699,0
香川県,綾川町,,22693,0
香川県,（旧：綾上町）,,4894,0
香川県,（旧：綾南町）,,17799,0
香川県,琴平町,,8468,0
香川県,多度津町,,22445,0
香川県,まんのう町,,17401,0
香川県,（旧：琴南町）,,1905,0
香川県,（旧：満濃町）,,11818,0
香川県,（旧：仲南町）,,3678,0
愛媛県,松山市,まつやまし,511192,0
愛媛県,（旧：松山市）,,482712,0
愛媛県,（旧：北条市）,,25272,0
愛媛県,（旧：中島町）,,3208,0
愛媛県,今治市,いまばりし,151672,0
愛媛県,（旧：今治市）,,105326,0
愛媛県,（旧：朝倉村）,,3970,0
愛媛県,（旧：玉川町）,,4564,0
愛媛県,（旧：波方町）,,8146,0
愛媛県,（旧：大西町）,,8084,0
愛媛県,（旧：菊間町）,,5173,0
愛媛県,（旧：吉海町）,,3172,0
愛媛県,（旧：宮窪町）,,2209,0
愛媛県,（旧：伯方町）,,5715,0
愛媛県,（旧：上浦町）,,2388,0
愛媛県,（旧：大三島町）,,2575,0
愛媛県,（旧：関前村）,,350,0
愛媛県,宇和島市,うわじまし,70809,0
愛媛県,（旧：宇和島市）,,47443,0
愛媛県,（旧：吉田町）,,8772,0
愛媛県,（旧：三間町）,,5347,0
愛媛県,（旧：津島町）,,9247,0
愛媛県,八幡浜市,やわたはまし,31987,0
愛媛県,（旧：八幡浜市）,,22927,0
愛媛県,（旧：保内町）,,9060,0
愛媛県,新居浜市,にいはまし,115938,0
愛媛県,（旧：新居浜市）,,115796,0
愛媛県,（旧：別子山村）,,142,0
愛媛県,西条市,さいじょうし,104791,0
愛媛県,（旧：西条市）,,57305,0
愛媛県,（旧：東予市）,,28572,0
愛媛県,（旧：小松町）,,7915,0
愛媛県,（旧：丹原町）,,10999,0
愛媛県,大洲市,おおずし,40575,0
愛媛県,（旧：大洲市）,,32408,0
愛媛県,（旧：長浜町）,,5808,0
愛媛県,（旧：肱川町）,,1807,0
愛媛県,（旧：河辺村）,,552,0
愛媛県,伊予市,いよし,35133,0
愛媛県,（旧：伊予市）,,29209,0
愛媛県,（旧：中山町）,,2543,0
愛媛県,（旧：双海町）,,3381,0
愛媛県,四国中央市,しこくちゅうおうし,82754,0
愛媛県,（旧：川之江市）,,32879,0
愛媛県,（旧：伊予三島市）,,34108,0
愛媛県,（旧：新宮村）,,845,0
愛媛県,（旧：土居町）,,14922,0
愛媛県,西予市,せいよし,35388,0
愛媛県,（旧：三瓶町）,,6184,0
愛媛県,（旧：明浜町）,,2839,0
愛媛県,（旧：宇和町）,,16099,0
愛媛県,（旧：野村町）,,7269,0
愛媛県,（旧：城川町）,,2997,0
愛媛県,東温市,とうおんし,33903,0
愛媛県,（旧：重信町）,,23811,0
愛媛県,（旧：川内町）,,10092,0
愛媛県,上島町,,6509,0
愛媛県,（旧：魚島村）,,149,0
愛媛県,（旧：弓削町）,,3027,0
愛媛県,（旧：生名村）,,1389,0
愛媛県,（旧：岩城村）,,1944,0
愛媛県,久万高原町,,7404,0
愛媛県,（旧：久万町）,,5166,0
愛媛県,（旧：面河村）,,445,0
愛媛県,（旧：美川村）,,1203,0
愛媛県,（旧：柳谷村）,,590,0
愛媛県,松前町,,29630,0
愛媛県,砥部町,,20480,0
愛媛県,（旧：砥部町）,,19897,0
愛媛県,（旧：広田村）,,583,0
愛媛県,内子町,,15322,0
愛媛県,（旧：小田町）,,1928,0
愛媛県,（旧：内子町）,,8533,0
愛媛県,（旧：五十崎町）,,4861,0
愛媛県,伊方町,,8397,0
愛媛県,（旧：伊方町）,,4437,0
愛媛県,（旧：瀬戸町）,,1583,0
愛媛県,（旧：三崎町）,,2377,0
愛媛県,松野町,,3674,0
愛媛県,鬼北町,,9682,0
愛媛県,（旧：広見町）,,8572,0
愛媛県,（旧：日吉村）,,1110,0
愛媛県,愛南町,,19601,0
愛媛県,（旧：内海村）,,1484,0
愛媛県,（旧：御荘町）,,6705,0
愛媛県,（旧：城辺町）,,6427,0
愛媛県,（旧：一本松町）,,3322,0
愛媛県,（旧：西海町）,,1663,0
高知県,高知市,こうちし,326545,0
高知県,（旧：高知市）,,310883,0
高知県,（旧：鏡村）,,1099,0
高知県,（旧：土佐山村）,,855,0
高知県,（旧：春野町）,,13708,0
高知県,室戸市,むろとし,11742,0
高知県,安芸市,あきし,16243,0
高知県,南国市,なんこくし,46664,0
高知県,土佐市,とさし,25732,0
高知県,須崎市,すさきし,20590,0
高知県,宿毛市,すくもし,19033,0
高知県,土佐清水市,とさしみずし,12388,0
高知県,四万十市,しまんとし,32694,0
高知県,（旧：中村市）,,30233,0
高知県,（旧：西土佐村）,,2461,0
高知県,香南市,こうなんし,32207,0
高知県,（旧：赤岡町）,,2504,0
高知県,（旧：香我美町）,,5833,0
高知県,（旧：野市町）,,19083,0
高知県,（旧：夜須町）,,3244,0
高知県,（旧：吉川村）,,1543,0
高知県,香美市,かみし,26513,0
高知県,（旧：土佐山田町）,,20844,0
高知県,（旧：香北町）,,4182,0
高知県,（旧：物部村）,,1487,0
高知県,東洋町,,2194,0
高知県,奈半利町,,3034,0
高知県,田野町,,2498,0
高知県,安田町,,2370,0
高知県,北川村,,1146,0
高知県,馬路村,,745,0
高知県,芸西村,,3694,0
高知県,本山町,,3261,0
高知県,大豊町,,3252,0
高知県,土佐町,,3753,0
高知県,大川村,,366,0
高知県,いの町,,21374,0
高知県,（旧：本川村）,,395,0
高知県,（旧：伊野町）,,19103,0
高知県,（旧：吾北村）,,1876,0
高知県,仁淀川町,,4827,0
高知県,（旧：池川町）,,1431,0
高知県,（旧：吾川村）,,1810,0
高知県,（旧：仁淀村）,,1586,0
高知県,中土佐町,,6002,0
高知県,（旧：中土佐町）,,4992,0
高知県,（旧：大野見村）,,1010,0
高知県,佐川町,,12323,0
高知県,越知町,,5187,0
高知県,檮原町,,3307,0
高知県,日高村,,4812,0
高知県,津野町,,5291,0
高知県,（旧：東津野村）,,1884,0
高知県,（旧：葉山村）,,3407,0
高知県,四万十町,,15607,0
高知県,（旧：窪川町）,,11080,0
高知県,（旧：大正町）,,2183,0
高知県,（旧：十和村）,,2344,0
高知県,大月町,,4434,0
高知県,三原村,,1437,0
高知県,黒潮町,,10262,0
高知県,（旧：佐賀町）,,2929,0
高知県,（旧：大方町）,,7333,0
福岡県,北九州市,,939029,0
福岡県,北九州市門司区,きたきゅうしゅうしもじく,93842,0
福岡県,北九州市若松区,きたきゅうしゅうしわかまつく,80533,0
福岡県,北九州市戸畑区,きたきゅうしゅうしとばたく,57494,0
福岡県,北九州市小倉北区,きたきゅうしゅうしこくらきたく,183407,0
福岡県,北九州市小倉南区,きたきゅうしゅうしこくらみなみく,209028,0
福岡県,北九州市八幡東区,きたきゅうしゅうしやはたひがしく,64792,0
福岡県,北九州市八幡西区,きたきゅうしゅうしやはたにしく,249933,0
福岡県,福岡市,,1612392,0
福岡県,福岡市東区,ふくおかしひがしく,322503,0
福岡県,福岡市博多区,ふくおかしはかたく,252034,0
福岡県,福岡市中央区,ふくおかしちゅうおうく,205501,0
福岡県,福岡市南区,ふくおかしみなみく,265583,0
福岡県,福岡市西区,ふくおかしにしく,212579,0
福岡県,福岡市城南区,ふくおかしじょうなんく,132864,0
福岡県,福岡市早良区,ふくおかしさわらく,221328,0
福岡県,大牟田市,おおむたし,111281,0
福岡県,久留米市,くるめし,303316,0
福岡県,（旧：久留米市）,,239576,0
福岡県,（旧：田主丸町）,,18363,0
福岡県,（旧：北野町）,,17015,0
福岡県,（旧：城島町）,,11135,0
福岡県,（旧：三潴町）,,17227,0
福岡県,直方市,のおがたし,56212,0
福岡県,飯塚市,いいづかし,126364,0
福岡県,（旧：飯塚市）,,76307,0
福岡県,（旧：筑穂町）,,9135,0
福岡県,（旧：穂波町）,,24970,0
福岡県,（旧：庄内町）,,10596,0
福岡県,（旧：頴田町）,,5356,0
福岡県,田川市,たがわし,46203,0
福岡県,柳川市,やながわし,64475,0
福岡県,（旧：柳川市）,,33410,0
福岡県,（旧：大和町）,,13826,0
福岡県,（旧：三橋町）,,17239,0
福岡県,八女市,やめし,60608,0
福岡県,（旧：八女市）,,37289,0
福岡県,（旧：黒木町）,,9388,0
福岡県,（旧：上陽町）,,2495,0
福岡県,（旧：立花町）,,8205,0
福岡県,（旧：矢部村）,,912,0
福岡県,（旧：星野村）,,2319,0
福岡県,筑後市,ちくごし,48827,0
福岡県,大川市,おおかわし,32988,0
福岡県,行橋市,ゆくはしし,71426,0
福岡県,豊前市,ぶぜんし,24391,0
福岡県,中間市,なかまし,40362,0
福岡県,小郡市,おごおりし,59360,0
福岡県,筑紫野市,ちくしのし,103311,0
福岡県,春日市,かすがし,111023,0
福岡県,大野城市,おおのじょうし,102085,0
福岡県,宗像市,むなかたし,97095,0
福岡県,（旧：宗像市）,,88344,0
福岡県,（旧：玄海町）,,8211,0
福岡県,（旧：大島村）,,540,0
福岡県,太宰府市,だざいふし,73164,0
福岡県,古賀市,こがし,58786,0
福岡県,福津市,ふくつし,67033,0
福岡県,（旧：福間町）,,49922,0
福岡県,（旧：津屋崎町）,,17111,0
福岡県,うきは市,うきはし,27981,0
福岡県,（旧：吉井町）,,15197,0
福岡県,（旧：浮羽町）,,12784,0
福岡県,宮若市,みやわかし,26298,0
福岡県,（旧：宮田町）,,17900,0
福岡県,（旧：若宮町）,,8398,0
福岡県,嘉麻市,かまし,35473,0
福岡県,（旧：山田市）,,7660,0
福岡県,（旧：稲築町）,,15441,0
福岡県,（旧：碓井町）,,4957,0
福岡県,（旧：嘉穂町）,,7415,0
福岡県,朝倉市,あさくらし,50273,0
福岡県,（旧：甘木市）,,37521,0
福岡県,（旧：杷木町）,,5595,0
福岡県,（旧：朝倉町）,,7157,0
福岡県,みやま市,みやまし,35861,0
福岡県,（旧：瀬高町）,,19722,0
福岡県,（旧：山川町）,,4100,0
福岡県,（旧：高田町）,,12039,0
福岡県,糸島市,いとしまし,98877,0
福岡県,（旧：前原市）,,70673,0
福岡県,（旧：二丈町）,,12100,0
福岡県,（旧：志摩町）,,16104,0
福岡県,那珂川市,なかがわし,50112,0
福岡県,（旧：那珂川町）,,50112,0
福岡県,宇美町,,37671,0
福岡県,篠栗町,,31209,0
福岡県,志免町,,46377,0
福岡県,須恵町,,28628,0
福岡県,新宮町,,32927,0
福岡県,久山町,,9068,0
福岡県,粕屋町,,48190,0
福岡県,芦屋町,,13545,0
福岡県,水巻町,,28114,0
福岡県,岡垣町,,31007,0
福岡県,遠賀町,,18723,0
福岡県,小竹町,,7151,0
福岡県,鞍手町,,15080,0
福岡県,桂川町,,12878,0
福岡県,筑前町,,29591,0
福岡県,（旧：三輪町）,,13720,0
福岡県,（旧：夜須町）,,15871,0
福岡県,東峰村,,1899,0
福岡県,（旧：小石原村）,,765,0
福岡県,（旧：宝珠山村）,,1134,0
福岡県,大刀洗町,,15521,0
福岡県,大木町,,13820,0
福岡県,広川町,,19969,0
福岡県,香春町,,10191,0
福岡県,添田町,,8801,0
福岡県,糸田町,,8407,0
福岡県,川崎町,,15176,0
福岡県,大任町,,5008,0
福岡県,赤村,,2774,0
福岡県,福智町,,21398,0
福岡県,（旧：金田町）,,6795,0
福岡県,（旧：赤池町）,,7869,0
福岡県,（旧：方城町）,,6734,0
福岡県,苅田町,,37684,0
福岡県,みやこ町,,18825,0
福岡県,（旧：犀川町）,,5301,0
福岡県,（旧：勝山町）,,6268,0
福岡県,（旧：豊津町）,,7256,0
福岡県,吉富町,,6536,0
福岡県,上毛町,,7251,0
福岡県,（旧：新吉富村）,,3962,0
福岡県,（旧：大平村）,,3289,0
福岡県,築上町,,17189,0
福岡県,（旧：椎田町）,,10050,0
福岡県,（旧：築城町）,,7139,0
佐賀県,佐賀市,さがし,233301,0
佐賀県,（旧：佐賀市）,,164759,0
佐賀県,（旧：諸富町）,,10167,0
佐賀県,（旧：川副町）,,15223,0
佐賀県,（旧：東与賀町）,,8007,0
佐賀県,（旧：久保田町）,,7553,0
佐賀県,（旧：大和町）,,22881,0
佐賀県,（旧：富士町）,,3529,0
佐賀県,（旧：三瀬村）,,1182,0
佐賀県,唐津市,からつし,117373,0
佐賀県,（旧：唐津市）,,74749,0
佐賀県,（旧：浜玉町）,,11140,0
佐賀県,（旧：七山村）,,1851,0
佐賀県,（旧：厳木町）,,3745,0
佐賀県,（旧：相知町）,,6948,0
佐賀県,（旧：北波多村）,,4130,0
佐賀県,（旧：肥前町）,,5943,0
佐賀県,（旧：鎮西町）,,4974,0
佐賀県,（旧：呼子町）,,3893,0
佐賀県,鳥栖市,とすし,74196,0
佐賀県,多久市,たくし,18295,0
佐賀県,伊万里市,いまりし,52629,0
佐賀県,武雄市,たけおし,47914,0
佐賀県,（旧：武雄市）,,32823,0
佐賀県,（旧：山内町）,,8214,0
佐賀県,（旧：北方町）,,6877,0
佐賀県,鹿島市,かしまし,27892,0
佐賀県,小城市,おぎし,43952,0
佐賀県,（旧：小城町）,,15239,0
佐賀県,（旧：三日月町）,,13985,0
佐賀県,（旧：牛津町）,,9599,0
佐賀県,（旧：芦刈町）,,5129,0
佐賀県,嬉野市,うれしのし,25848,0
佐賀県,（旧：塩田町）,,9769,0
佐賀県,（旧：嬉野町）,,16079,0
佐賀県,神埼市,かんざきし,31022,0
佐賀県,（旧：神埼町）,,19124,0
佐賀県,（旧：千代田町）,,10534,0
佐賀県,（旧：脊振村）,,1364,0
佐賀県,吉野ヶ里町,,16323,0
佐賀県,（旧：三田川町）,,10531,0
佐賀県,（旧：東脊振村）,,5792,0
佐賀県,基山町,,17250,0
佐賀県,上峰町,,9286,0
佐賀県,みやき町,,25511,0
佐賀県,（旧：中原町）,,8101,0
佐賀県,（旧：北茂安町）,,10798,0
佐賀県,（旧：三根町）,,6612,0
佐賀県,玄海町,,5609,0
佐賀県,有田町,,19010,0
佐賀県,（旧：有田町）,,10802,0
佐賀県,（旧：西有田町）,,8208,0
佐賀県,大町町,,6293,0
佐賀県,江北町,,9566,0
佐賀県,白石町,,22051,0
佐賀県,（旧：白石町）,,10559,0
佐賀県,（旧：福富町）,,4386,0
佐賀県,（旧：有明町）,,7106,0
佐賀県,太良町,,8121,0
長崎県,長崎市,ながさきし,409118,0
長崎県,（旧：長崎市）,,375586,0
長崎県,（旧：香焼町）,,3201,0
長崎県,（旧：伊王島町）,,617,0
長崎県,（旧：高島町）,,324,0
長崎県,（旧：野母崎町）,,4578,0
長崎県,（旧：三和町）,,9906,0
長崎県,（旧：琴海町）,,11488,0
長崎県,（旧：外海町）,,3418,0
長崎県,佐世保市,させぼし,243223,0
長崎県,（旧：佐世保市）,,218147,0
長崎県,（旧：宇久町）,,1888,0
長崎県,（旧：江迎町）,,5004,0
長崎県,（旧：鹿町町）,,4290,0
長崎県,（旧：小佐々町）,,5793,0
長崎県,（旧：吉井町）,,5057,0
長崎県,（旧：世知原町）,,3044,0
長崎県,島原市,しまばらし,43338,0
長崎県,（旧：島原市）,,33578,0
長崎県,（旧：有明町）,,9760,0
長崎県,諫早市,いさはやし,133852,0
長崎県,（旧：諫早市）,,91942,0
長崎県,（旧：多良見町）,,15835,0
長崎県,（旧：森山町）,,5094,0
長崎県,（旧：飯盛町）,,6766,0
長崎県,（旧：高来町）,,9336,0
長崎県,（旧：小長井町）,,4879,0
長崎県,大村市,おおむらし,95397,0
長崎県,平戸市,ひらどし,29365,0
長崎県,（旧：平戸市）,,16881,0
長崎県,（旧：大島村）,,933,0
長崎県,（旧：生月町）,,4852,0
長崎県,（旧：田平町）,,6699,0
長崎県,松浦市,まつうらし,21271,0
長崎県,（旧：松浦市）,,17191,0
長崎県,（旧：福島町）,,2379,0
長崎県,（旧：鷹島町）,,1701,0
長崎県,対馬市,つしまし,28502,0
長崎県,（旧：厳原町）,,10349,0
長崎県,（旧：美津島町）,,7024,0
長崎県,（旧：豊玉町）,,3043,0
長崎県,（旧：峰町）,,1828,0
長崎県,（旧：上県町）,,2779,0
長崎県,（旧：上対馬町）,,3479,0
長崎県,壱岐市,いきし,24948,0
長崎県,（旧：郷ノ浦町）,,9367,0
長崎県,（旧：勝本町）,,5021,0
長崎県,（旧：芦辺町）,,6643,0
長崎県,（旧：石田町）,,3917,0
長崎県,五島市,ごとうし,34391,0
長崎県,（旧：福江市）,,21885,0
長崎県,（旧：富江町）,,4165,0
長崎県,（旧：玉之浦町）,,1175,0
長崎県,（旧：三井楽町）,,2269,0
長崎県,（旧：岐宿町）,,2947,0
長崎県,（旧：奈留町）,,1950,0
長崎県,西海市,さいかいし,26275,0
長崎県,（旧：西彼町）,,8163,0
長崎県,（旧：西海町）,,6611,0
長崎県,（旧：大島町）,,4956,0
長崎県,（旧：崎戸町）,,1220,0
長崎県,（旧：大瀬戸町）,,5325,0
長崎県,雲仙市,うんぜんし,41096,0
長崎県,（旧：国見町）,,9294,0
長崎県,（旧：瑞穂町）,,4709,0
長崎県,（旧：吾妻町）,,6107,0
長崎県,（旧：愛野町）,,5901,0
長崎県,（旧：千々石町）,,4235,0
長崎県,（旧：小浜町）,,7398,0
長崎県,（旧：南串山町）,,3452,0
長崎県,南島原市,みなみしまばらし,42330,0
長崎県,（旧：加津佐町）,,5776,0
長崎県,（旧：口之津町）,,4840,0
長崎県,（旧：南有馬町）,,4535,0
長崎県,（旧：北有馬町）,,2971,0
長崎県,（旧：西有家町）,,6338,0
長崎県,（旧：有家町）,,6964,0
長崎県,（旧：布津町）,,3903,0
長崎県,（旧：深江町）,,7003,0
長崎県,長与町,,40780,0
長崎県,時津町,,29339,0
長崎県,東彼杵町,,7721,0
長崎県,川棚町,,13377,0
長崎県,波佐見町,,14291,0
長崎県,小値賀町,,2288,0
長崎県,佐々町,,13912,0
長崎県,新上五島町,,17503,0
長崎県,（旧：若松町）,,2453,0
長崎県,（旧：上五島町）,,5069,0
長崎県,（旧：新魚目町）,,3195,0
長崎県,（旧：有川町）,,5037,0
長崎県,（旧：奈良尾町）,,1749,0
熊本県,熊本市,,738865,0
熊本県,（旧：熊本市）,,679143,0
熊本県,（旧：城南町）,,21693,0
熊本県,（旧：富合町）,,10106,0
熊本県,（旧：植木町）,,27923,0
熊本県,熊本市中央区,くまもとしちゅうおうく,187502,0
熊本県,熊本市東区,くまもとしひがしく,189524,0
熊本県,熊本市西区,くまもとしにしく,91177,0
熊本県,熊本市南区,くまもとしみなみく,130829,0
熊本県,熊本市北区,くまもとしきたく,139833,0
熊本県,八代市,やつしろし,123067,0
熊本県,（旧：八代市）,,96597,0
熊本県,（旧：坂本村）,,2307,0
熊本県,（旧：千丁町）,,7157,0
熊本県,（旧：鏡町）,,13591,0
熊本県,（旧：東陽村）,,1864,0
熊本県,（旧：泉村）,,1551,0
熊本県,人吉市,ひとよしし,31108,0
熊本県,荒尾市,あらおし,50832,0
熊本県,水俣市,みなまたし,23557,0
熊本県,玉名市,たまなし,64292,0
熊本県,（旧：玉名市）,,40727,0
熊本県,（旧：岱明町）,,13163,0
熊本県,（旧：横島町）,,4822,0
熊本県,（旧：天水町）,,5580,0
熊本県,山鹿市,やまがし,49025,0
熊本県,（旧：山鹿市）,,28650,0
熊本県,（旧：鹿北町）,,3387,0
熊本県,（旧：菊鹿町）,,5303,0
熊本県,（旧：鹿本町）,,7695,0
熊本県,（旧：鹿央町）,,3990,0
熊本県,菊池市,きくちし,46416,0
熊本県,（旧：菊池市）,,23045,0
熊本県,（旧：七城町）,,4907,0
熊本県,（旧：旭志村）,,4092,0
熊本県,（旧：泗水町）,,14372,0
熊本県,宇土市,うとし,36122,0
熊本県,上天草市,かみあまくさし,24563,0
熊本県,（旧：大矢野町）,,12686,0
熊本県,（旧：松島町）,,6400,0
熊本県,（旧：姫戸町）,,2192,0
熊本県,（旧：龍ヶ岳町）,,3285,0
熊本県,宇城市,うきし,57032,0
熊本県,（旧：三角町）,,6689,0
熊本県,（旧：不知火町）,,8283,0
熊本県,（旧：松橋町）,,25945,0
熊本県,（旧：小川町）,,12294,0
熊本県,（旧：豊野町）,,3821,0
熊本県,阿蘇市,あそし,24930,0
熊本県,（旧：一の宮町）,,9002,0
熊本県,（旧：阿蘇町）,,14642,0
熊本県,（旧：波野村）,,1286,0
熊本県,天草市,あまくさし,75783,0
熊本県,（旧：本渡市）,,36640,0
熊本県,（旧：牛深市）,,11313,0
熊本県,（旧：有明町）,,4511,0
熊本県,（旧：御所浦町）,,2318,0
熊本県,（旧：倉岳町）,,2533,0
熊本県,（旧：栖本町）,,1966,0
熊本県,（旧：新和町）,,2689,0
熊本県,（旧：五和町）,,7369,0
熊本県,（旧：天草町）,,2607,0
熊本県,（旧：河浦町）,,3837,0
熊本県,合志市,こうしし,61772,0
熊本県,（旧：合志町）,,26314,0
熊本県,（旧：西合志町）,,35458,0
熊本県,美里町,,9392,0
熊本県,（旧：中央町）,,4083,0
熊本県,（旧：砥用町）,,5309,0
熊本県,玉東町,,5045,0
熊本県,南関町,,8979,0
熊本県,長洲町,,15372,0
熊本県,和水町,,9342,0
熊本県,（旧：菊水町）,,5496,0
熊本県,（旧：三加和町）,,3846,0
熊本県,大津町,,35187,0
熊本県,菊陽町,,43337,0
熊本県,南小国町,,3750,0
熊本県,小国町,,6590,0
熊本県,産山村,,1382,0
熊本県,高森町,,5789,0
熊本県,西原村,,6426,0
熊本県,南阿蘇村,,9836,0
熊本県,（旧：白水村）,,3724,0
熊本県,（旧：久木野村）,,2637,0
熊本県,（旧：長陽村）,,3475,0
熊本県,御船町,,16303,0
熊本県,嘉島町,,9547,0
熊本県,益城町,,32510,0
熊本県,甲佐町,,10132,0
熊本県,山都町,,13503,0
熊本県,（旧：蘇陽町）,,3139,0
熊本県,（旧：矢部町）,,8256,0
熊本県,（旧：清和村）,,2108,0
熊本県,氷川町,,11094,0
熊本県,（旧：竜北町）,,6824,0
熊本県,（旧：宮原町）,,4270,0
熊本県,芦北町,,15681,0
熊本県,（旧：田浦町）,,3770,0
熊本県,（旧：芦北町）,,11911,0
熊本県,津奈木町,,4254,0
熊本県,錦町,,10288,0
熊本県,多良木町,,9076,0
熊本県,湯前町,,3627,0
熊本県,水上村,,2033,0
熊本県,相良村,,4070,0
熊本県,五木村,,931,0
熊本県,山江村,,3238,0
熊本県,球磨村,,2433,0
熊本県,あさぎり町,,14676,0
熊本県,（旧：上村）,,4293,0
熊本県,（旧：免田町）,,5403,0
熊本県,（旧：岡原村）,,2318,0
熊本県,（旧：須恵村）,,1138,0
熊本県,（旧：深田村）,,1524,0
熊本県,苓北町,,7114,0
大分県,大分市,おおいたし,475614,0
大分県,（旧：大分市）,,464016,0
大分県,（旧：野津原町）,,4046,0
大分県,（旧：佐賀関町）,,7552,0
大分県,別府市,べっぷし,115321,0
大分県,中津市,なかつし,82863,0
大分県,（旧：中津市）,,70051,0
大分県,（旧：三光村）,,5040,0
大分県,（旧：本耶馬溪町）,,2531,0
大分県,（旧：耶馬渓町）,,3229,0
大分県,（旧：山国町）,,2012,0
大分県,日田市,ひたし,62657,0
大分県,（旧：日田市）,,54171,0
大分県,（旧：前津江村）,,832,0
大分県,（旧：中津江村）,,621,0
大分県,（旧：上津江村）,,666,0
大分県,（旧：大山町）,,2429,0
大分県,（旧：天瀬町）,,3938,0
大分県,佐伯市,さいきし,66851,0
大分県,（旧：佐伯市）,,42711,0
大分県,（旧：上浦町）,,1651,0
大分県,（旧：弥生町）,,6853,0
大分県,（旧：本匠村）,,1243,0
大分県,（旧：宇目町）,,2346,0
大分県,（旧：直川村）,,2006,0
大分県,（旧：鶴見町）,,2635,0
大分県,（旧：米水津村）,,1605,0
大分県,（旧：蒲江町）,,5801,0
大分県,臼杵市,うすきし,36158,0
大分県,（旧：臼杵市）,,29418,0
大分県,（旧：野津町）,,6740,0
大分県,津久見市,つくみし,16100,0
大分県,竹田市,たけたし,20332,0
大分県,（旧：竹田市）,,12171,0
大分県,（旧：荻町）,,2602,0
大分県,（旧：久住町）,,3596,0
大分県,（旧：直入町）,,1963,0
大分県,豊後高田市,ぶんごたかだし,22112,0
大分県,（旧：豊後高田市）,,16683,0
大分県,（旧：真玉町）,,2831,0
大分県,（旧：香々地町）,,2598,0
大分県,杵築市,きつきし,27999,0
大分県,（旧：杵築市）,,20851,0
大分県,（旧：大田村）,,1151,0
大分県,（旧：山香町）,,5997,0
大分県,宇佐市,うさし,52771,0
大分県,（旧：宇佐市）,,43838,0
大分県,（旧：院内町）,,3416,0
大分県,（旧：安心院町）,,5517,0
大分県,豊後大野市,ぶんごおおのし,33695,0
大分県,（旧：三重町）,,16229,0
大分県,（旧：清川村）,,1734,0
大分県,（旧：緒方町）,,4404,0
大分県,（旧：朝地町）,,2272,0
大分県,（旧：大野町）,,3849,0
大分県,（旧：千歳村）,,1913,0
大分県,（旧：犬飼町）,,3294,0
大分県,由布市,ゆふし,32772,0
大分県,（旧：挾間町）,,16644,0
大分県,（旧：庄内町）,,6705,0
大分県,（旧：湯布院町）,,9423,0
大分県,国東市,くにさきし,26232,0
大分県,（旧：国見町）,,3752,0
大分県,（旧：国東町）,,9575,0
大分県,（旧：武蔵町）,,4783,0
大分県,（旧：安岐町）,,8122,0
大分県,姫島村,,1725,0
大分県,日出町,,27723,0
大分県,九重町,,8541,0
大分県,玖珠町,,14386,0
宮崎県,宮崎市,みやざきし,401339,0
宮崎県,（旧：宮崎市）,,317747,0
宮崎県,（旧：清武町）,,29134,0
宮崎県,（旧：田野町）,,10855,0
宮崎県,（旧：佐土原町）,,32797,0
宮崎県,（旧：高岡町）,,10806,0
宮崎県,都城市,みやこのじょうし,160640,0
宮崎県,（旧：都城市）,,130355,0
宮崎県,（旧：山之口町）,,5817,0
宮崎県,（旧：高城町）,,9789,0
宮崎県,（旧：山田町）,,6531,0
宮崎県,（旧：高崎町）,,8148,0
宮崎県,延岡市,のべおかし,118394,0
宮崎県,（旧：延岡市）,,108792,0
宮崎県,（旧：北方町）,,3338,0
宮崎県,（旧：北川町）,,3207,0
宮崎県,（旧：北浦町）,,3057,0
宮崎県,日南市,にちなんし,50848,0
宮崎県,（旧：日南市）,,37955,0
宮崎県,（旧：北郷町）,,3971,0
宮崎県,（旧：南郷町）,,8922,0
宮崎県,小林市,こばやしし,43670,0
宮崎県,（旧：小林市）,,35264,0
宮崎県,（旧：野尻町）,,6993,0
宮崎県,（旧：須木村）,,1413,0
宮崎県,日向市,ひゅうがし,59629,0
宮崎県,（旧：日向市）,,56076,0
宮崎県,（旧：東郷町）,,3553,0
宮崎県,串間市,くしまし,16822,0
宮崎県,西都市,さいとし,28610,0
宮崎県,えびの市,えびのし,17638,0
宮崎県,三股町,,25591,0
宮崎県,高原町,,8639,0
宮崎県,国富町,,18398,0
宮崎県,綾町,,6934,0
宮崎県,高鍋町,,19922,0
宮崎県,新富町,,16564,0
宮崎県,西米良村,,1000,0
宮崎県,木城町,,4895,0
宮崎県,川南町,,15194,0
宮崎県,都農町,,9906,0
宮崎県,門川町,,17379,0
宮崎県,諸塚村,,1486,0
宮崎県,椎葉村,,2503,0
宮崎県,美郷町,,4826,0
宮崎県,（旧：南郷村）,,1555,0
宮崎県,（旧：西郷村）,,1809,0
宮崎県,（旧：北郷村）,,1462,0
宮崎県,高千穂町,,11642,0
宮崎県,日之影町,,3635,0
宮崎県,五ヶ瀬町,,3472,0
鹿児島県,鹿児島市,かごしまし,593128,0
鹿児島県,（旧：鹿児島市）,,546358,0
鹿児島県,（旧：吉田町）,,9868,0
鹿児島県,（旧：桜島町）,,2811,0
鹿児島県,（旧：喜入町）,,10706,0
鹿児島県,（旧：松元町）,,16563,0
鹿児島県,（旧：郡山町）,,6822,0
鹿児島県,鹿屋市,かのやし,101096,0
鹿児島県,（旧：鹿屋市）,,80909,0
鹿児島県,（旧：輝北町）,,2798,0
鹿児島県,（旧：串良町）,,11331,0
鹿児島県,（旧：吾平町）,,6058,0
鹿児島県,枕崎市,まくらざきし,20033,0
鹿児島県,阿久根市,あくねし,19270,0
鹿児島県,出水市,いずみし,51994,0
鹿児島県,（旧：出水市）,,35402,0
鹿児島県,（旧：野田町）,,3759,0
鹿児島県,（旧：高尾野町）,,12833,0
鹿児島県,指宿市,いぶすきし,39011,0
鹿児島県,（旧：指宿市）,,26122,0
鹿児島県,（旧：山川町）,,7881,0
鹿児島県,（旧：開聞町）,,5008,0
鹿児島県,西之表市,にしのおもてし,14708,0
鹿児島県,垂水市,たるみずし,13819,0
鹿児島県,薩摩川内市,さつませんだいし,92403,0
鹿児島県,（旧：川内市）,,70360,0
鹿児島県,（旧：樋脇町）,,5948,0
鹿児島県,（旧：入来町）,,4130,0
鹿児島県,（旧：東郷町）,,4822,0
鹿児島県,（旧：祁答院町）,,3160,0
鹿児島県,（旧：里村）,,1026,0
鹿児島県,（旧：上甑村）,,1022,0
鹿児島県,（旧：下甑村）,,1582,0
鹿児島県,（旧：鹿島村）,,353,0
鹿児島県,日置市,ひおきし,47153,0
鹿児島県,（旧：東市来町）,,10747,0
鹿児島県,（旧：伊集院町）,,24893,0
鹿児島県,（旧：日吉町）,,4367,0
鹿児島県,（旧：吹上町）,,7146,0
鹿児島県,曽於市,そおし,33310,0
鹿児島県,（旧：大隅町）,,9212,0
鹿児島県,（旧：財部町）,,9032,0
鹿児島県,（旧：末吉町）,,15066,0
鹿児島県,霧島市,きりしまし,123135,0
鹿児島県,（旧：国分市）,,58735,0
鹿児島県,（旧：溝辺町）,,7642,0
鹿児島県,（旧：横川町）,,3632,0
鹿児島県,（旧：牧園町）,,6115,0
鹿児島県,（旧：霧島町）,,4293,0
鹿児島県,（旧：隼人町）,,38014,0
鹿児島県,（旧：福山町）,,4704,0
鹿児島県,いちき串木野市,いちきくしきのし,27490,0
鹿児島県,（旧：串木野市）,,21347,0
鹿児島県,（旧：市来町）,,6143,0
鹿児島県,南さつま市,みなみさつまし,32887,0
鹿児島県,（旧：加世田市）,,20564,0
鹿児島県,（旧：笠沙町）,,2036,0
鹿児島県,（旧：大浦町）,,1674,0
鹿児島県,（旧：坊津町）,,2621,0
鹿児島県,（旧：金峰町）,,5992,0
鹿児島県,志布志市,しぶしし,29329,0
鹿児島県,（旧：松山町）,,3607,0
鹿児島県,（旧：志布志町）,,15713,0
鹿児島県,（旧：有明町）,,10009,0
鹿児島県,奄美市,あまみし,41390,0
鹿児島県,（旧：名瀬市）,,34838,0
鹿児島県,（旧：住用村）,,1188,0
鹿児島県,（旧：笠利町）,,5364,0
鹿児島県,南九州市,みなみきゅうしゅうし,33080,0
鹿児島県,（旧：頴娃町）,,10561,0
鹿児島県,（旧：知覧町）,,10522,0
鹿児島県,（旧：川辺町）,,11997,0
鹿児島県,伊佐市,いさし,24453,0
鹿児島県,（旧：大口市）,,17473,0
鹿児島県,（旧：菱刈町）,,6980,0
鹿児島県,姶良市,あいらし,76348,0
鹿児島県,（旧：加治木町）,,20739,0
鹿児島県,（旧：姶良町）,,49740,0
鹿児島県,（旧：蒲生町）,,5869,0
鹿児島県,三島村,,405,0
鹿児島県,十島村,,740,0
鹿児島県,さつま町,,20243,0
鹿児島県,（旧：宮之城町）,,13691,0
鹿児島県,（旧：鶴田町）,,3640,0
鹿児島県,（旧：薩摩町）,,2912,0
鹿児島県,長島町,,9705,0
鹿児島県,（旧：東町）,,5843,0
鹿児島県,（旧：長島町）,,3862,0
鹿児島県,湧水町,,9119,0
鹿児島県,（旧：栗野町）,,5887,0
鹿児島県,（旧：吉松町）,,3232,0
鹿児島県,大崎町,,12385,0
鹿児島県,東串良町,,6237,0
鹿児島県,錦江町,,6944,0
鹿児島県,（旧：大根占町）,,4918,0
鹿児島県,（旧：田代町）,,2026,0
鹿児島県,南大隅町,,6481,0
鹿児島県,（旧：根占町）,,4769,0
鹿児島県,（旧：佐多町）,,1712,0
鹿児島県,肝付町,,14227,0
鹿児島県,（旧：内之浦町）,,2677,0
鹿児島県,（旧：高山町）,,11550,0
鹿児島県,中種子町,,7539,0
鹿児島県,南種子町,,5445,0
鹿児島県,屋久島町,,11858,0
鹿児島県,（旧：上屋久町）,,5616,0
鹿児島県,（旧：屋久町）,,6242,0
鹿児島県,大和村,,1364,0
鹿児島県,宇検村,,1621,0
鹿児島県,瀬戸内町,,8546,0
鹿児島県,龍郷町,,5817,0
鹿児島県,喜界町,,6629,0
鹿児島県,徳之島町,,10147,0
鹿児島県,天城町,,5517,0
鹿児島県,伊仙町,,6139,0
鹿児島県,和泊町,,6246,0
鹿児島県,知名町,,5750,0
鹿児島県,与論町,,5115,0
沖縄県,那覇市,なはし,317625,0
沖縄県,宜野湾市,ぎのわんし,100125,0
沖縄県,石垣市,いしがきし,47637,0
沖縄県,浦添市,うらそえし,115690,0
沖縄県,名護市,なごし,63554,0
沖縄県,糸満市,いとまんし,61007,0
沖縄県,沖縄市,おきなわし,142752,0
沖縄県,豊見城市,とみぐすくし,64612,0
沖縄県,（旧：豊見城村）,,64612,0
沖縄県,うるま市,うるまし,125303,0
沖縄県,（旧：石川市）,,23869,0
沖縄県,（旧：具志川市）,,77312,0
沖縄県,（旧：与那城町）,,11451,0
沖縄県,（旧：勝連町）,,12671,0
沖縄県,宮古島市,みやこじまし,52931,0
沖縄県,（旧：平良市）,,36845,0
沖縄県,（旧：城辺町）,,4907,0
沖縄県,（旧：下地町）,,2876,0
沖縄県,（旧：上野村）,,3721,0
沖縄県,（旧：伊良部町）,,4582,0
沖縄県,南城市,なんじょうし,44043,0
沖縄県,（旧：玉城村）,,12018,0
沖縄県,（旧：知念村）,,4666,0
沖縄県,（旧：佐敷町）,,12134,0
沖縄県,（旧：大里村）,,15225,0
沖縄県,国頭村,,4517,0
沖縄県,大宜味村,,3092,0
沖縄県,東村,,1598,0
沖縄県,今帰仁村,,8894,0
沖縄県,本部町,,12530,0
沖縄県,恩納村,,10869,0
沖縄県,宜野座村,,5833,0
沖縄県,金武町,,10806,0
沖縄県,伊江村,,4118,0
沖縄県,読谷村,,41206,0
沖縄県,嘉手納町,,13521,0
沖縄県,北谷町,,28201,0
沖縄県,北中城村,,17969,0
沖縄県,中城村,,22157,0
沖縄県,西原町,,34984,0
沖縄県,与那原町,,19695,0
沖縄県,南風原町,,40440,0
沖縄県,渡嘉敷村,,718,0
沖縄県,座間味村,,892,0
沖縄県,粟国村,,683,0
沖縄県,渡名喜村,,346,0
沖縄県,南大東村,,1285,0
沖縄県,北大東村,,590,0
沖縄県,伊平屋村,,1126,0
沖縄県,伊是名村,,1322,0
沖縄県,久米島町,,7192,0
沖縄県,（旧：仲里村）,,3797,0
沖縄県,（旧：具志川村）,,3395,0
沖縄県,八重瀬町,,30941,0
沖縄県,（旧：東風平町）,,22106,0
沖縄県,（旧：具志頭村）,,8835,0
沖縄県,多良間村,,1058,0
沖縄県,竹富町,,3942,0
沖縄県,与那国町,,1676,0
